Question,Answer
What is the importance of body alignment in freestyle swimming?,Maintaining a streamlined body position reduces drag and allows for more efficient movement through the water.
How does head position affect freestyle technique?,Keeping the head in line with the spine and looking downward helps maintain balance and reduces resistance.
What is the role of hip rotation in freestyle?,"Proper hip rotation enhances stroke length and power, contributing to a more efficient swim."
Why is a high elbow important during the catch phase?,"A high elbow position during the catch phase allows for a more effective pull, engaging larger muscle groups for propulsion."
How can I improve my freestyle breathing technique?,Practice bilateral breathing and exhale fully underwater to maintain rhythm and reduce drag.
What is the significance of the kick in freestyle swimming?,"A steady flutter kick helps maintain body position and contributes to propulsion, especially during sprints."
How does hand entry impact freestyle efficiency?,Entering the hand into the water in line with the shoulder reduces drag and sets up an effective catch.
What are common mistakes in freestyle arm recovery?,Overreaching across the centerline and straight-arm recovery can lead to inefficiencies and shoulder strain.
How can I develop a stronger pull in freestyle?,Incorporate drills like sculling and use equipment like paddles to build strength and improve technique.
What is the benefit of using a swim snorkel during training?,A snorkel allows swimmers to focus on body position and stroke mechanics without the interruption of turning the head to breathe.
How does ankle flexibility affect freestyle kicking?,"Greater ankle flexibility enables a more effective flutter kick, improving propulsion and reducing drag."
What is the purpose of the 'catch-up' drill in freestyle?,The 'catch-up' drill helps swimmers focus on body alignment and timing between arm strokes.
How can I prevent over-rotation in freestyle?,"Maintain a balanced rotation driven by the hips, and avoid excessive turning of the head and shoulders."
What is the impact of hand entry angle on freestyle stroke?,A proper hand entry angle minimizes splash and sets up an efficient underwater pull.
How does stroke rate influence freestyle performance?,"An optimal stroke rate balances speed and efficiency, preventing fatigue and maintaining technique."
What role do the core muscles play in freestyle swimming?,"Strong core muscles stabilize the body, allowing for better rotation and transfer of power through the stroke."
How can I improve my distance per stroke in freestyle?,"Focus on a strong catch and pull, streamline your body position, and reduce unnecessary movements."
What is the significance of the 'early vertical forearm' in freestyle?,"Achieving an early vertical forearm position during the catch phase maximizes the surface area for pulling water, enhancing propulsion."
How does breathing every three strokes benefit freestyle swimmers?,Bilateral breathing promotes symmetrical muscle development and helps maintain a balanced stroke.
What are the advantages of using fins during freestyle training?,"Fins can help improve kick strength, ankle flexibility, and overall speed, allowing swimmers to focus on stroke technique."
How can I reduce drag during freestyle swimming?,"Maintain a streamlined body position, minimize unnecessary movements, and ensure proper technique in all aspects of the stroke."
What is the role of the recovery phase in freestyle?,"The recovery phase allows the arm to return to the front of the stroke with minimal resistance, setting up the next pull."
How does hand positioning during the pull affect propulsion?,"Proper hand positioning ensures maximum water is pushed backward, directly contributing to forward movement."
What is the benefit of incorporating drills into freestyle training?,"Drills isolate specific aspects of the stroke, allowing swimmers to focus on and improve individual components."
How can I maintain a consistent breathing pattern in freestyle?,Practice rhythmic breathing and coordinate it with your stroke to ensure adequate oxygen intake without disrupting technique.
What is the impact of shoulder flexibility on freestyle performance?,"Greater shoulder flexibility allows for a more extensive range of motion, contributing to a more effective stroke."
How does the 'zipper' drill help in freestyle?,"The 'zipper' drill encourages high elbow recovery and close arm movement to the body, promoting efficient technique."
What are signs of an inefficient freestyle stroke?,"Excessive splashing, uneven body rotation, and short strokes can indicate inefficiencies in technique."
How can I improve my freestyle flip turns?,"Practice proper timing, maintain a tight tuck during the turn, and push off the wall in a streamlined position."
What is the importance of hand exit during the freestyle pull?,A clean hand exit reduces drag and sets up an efficient recovery phase.
How does leg movement contribute to freestyle propulsion?,"While the arms provide the majority of propulsion, a strong and steady kick helps maintain speed and balance."
What is the effect of over-gliding in freestyle?,"Over-gliding can disrupt stroke rhythm and reduce overall speed, leading to inefficiencies."
How can I enhance my underwater phase after a freestyle start?,Practice streamlined push-offs and dolphin kicks to maximize distance and speed off the wall.
What is the role of the triceps in freestyle swimming?,"The triceps are engaged during the push phase of the stroke, contributing to propulsion."
How does hand pitch affect the freestyle pull?,"Proper hand pitch ensures that the hand is positioned to push water backward effectively, enhancing propulsion."
What are common breathing mistakes in freestyle?,"Lifting the head too high, holding the breath, and inconsistent breathing patterns can disrupt stroke technique."
How can I prevent cross-over during hand entry in freestyle?,Focus on entering the hand in line with the shoulder to maintain balance and reduce drag.
What is the benefit of the 'fingertip drag' drill in freestyle?,This drill promotes high elbow recovery and encourages awareness of hand positioning during the stroke.
How does body roll influence freestyle efficiency?,Controlled body roll facilitates a more powerful stroke and efficient breathing.
What is the significance of the kick timing in freestyle?,"Proper kick timing synchronizes with arm movements, contributing to a smooth and efficient stroke."
How can I improve my hand acceleration during the pull phase?,Focus on gradually increasing hand speed through the pull to maximize propulsion.
What is the impact of a dropped elbow during the pull?,"A dropped elbow reduces the effectiveness of the pull, leading to decreased propulsion."
How does the 'sculling' drill benefit freestyle swimmers?,Sculling drills enhance feel for the water and improve hand positioning during the catch phase.
What are the effects of excessive head movement in freestyle?,Unnecessary head movement can disrupt body alignment and increase drag.
How can I develop better proprioception in freestyle swimming?,"Incorporate drills that focus on body awareness and feedback, such as swimming with closed eyes or using resistance tools."
What is the role of the latissimus dorsi in freestyle?,"The lats are primary muscles engaged during the pull phase, contributing significantly to propulsion."
How does hand entry depth affect the freestyle stroke?,Proper hand entry depth sets up an effective catch and reduces resistance.
What are the benefits of bilateral breathing in freestyle?,Bilateral breathing promotes balanced muscle development and helps maintain a symmetrical stroke.
How can I avoid overreaching during the hand entry?,Ensure that the hand enters the water in line with the shoulder and not across the centerline to maintain balance.
What is the freestyle catch in swimming?,"The freestyle catch is the phase where a swimmer's hand enters the water and 'catches' water with the forearm and hand, pulling the body forward for propulsion."
Why is maintaining a high elbow important during the catch?,Keeping a high elbow during the catch phase maximizes propulsion by engaging larger muscle groups and preventing common errors like a dropped elbow.
How can a swimmer improve their high elbow catch?,Using drills like the Long Dog freestyle drill and visual cues such as imagining the arm going over a stability ball can help reinforce a high elbow position.
What is the Long Dog freestyle drill?,"The Long Dog drill involves completing a full catch and pull with underwater arm recovery, allowing swimmers to focus on the catch without worrying about hand entry or exit."
How does using a swimmer's snorkel aid in improving the catch?,"A swimmer's snorkel eliminates the need to turn the head to breathe, allowing swimmers to maintain proper body alignment and focus on achieving a high elbow catch."
"What is front sculling, and how does it help the catch?","Front sculling involves moving the hands in a figure-eight motion in front of the body, enhancing the feel for the water and improving the initial phase of the catch."
How can swim paddles assist in developing a better catch?,"Swim paddles increase the surface area of the hands, providing resistance that helps strengthen the forearm and hand engagement during the catch phase."
"What is resisted swimming, and why is it beneficial?","Resisted swimming involves using equipment like drag chutes or power towers to add resistance, forcing swimmers to apply more power during the catch and highlighting inefficiencies."
Why is thoracic spine mobility important for the catch?,"Improved thoracic spine mobility allows for better shoulder rotation, facilitating a more effective high elbow catch and reducing the risk of shoulder injuries."
What dryland exercises can enhance the freestyle catch?,Exercises like hinged freestyle arm swings and quadruped thoracic spine rotations can increase shoulder mobility and reinforce the muscle patterns needed for a strong catch.
What is the 'over the ball' visual cue in swimming?,Visualizing the hand and forearm going over a stability ball during the catch helps swimmers maintain a high elbow position and proper form.
How does a dropped elbow affect freestyle swimming?,A dropped elbow during the catch reduces propulsion and is a common biomechanical error that can hinder swimming efficiency.
What is the purpose of the Accelo-hands Drill?,"The Accelo-hands Drill focuses on increasing hand acceleration from the catch through the push phase, enhancing propulsion and stroke efficiency."
How can swimmers prevent sculling out with their hands during the catch?,"Using resistance tools and focusing on proper hand positioning can help swimmers avoid sculling out, ensuring a more direct and effective pull."
What role does shoulder rotation play in the freestyle catch?,Proper shoulder rotation enables a more effective high elbow catch by allowing the arm to enter the optimal position for propulsion.
How can swimmers use mental cues to improve their catch?,Mental cues like 'going over the ball' can help swimmers focus on maintaining proper form and technique during the catch phase.
What equipment is recommended for resisted swimming?,"Equipment such as drag chutes, DragSox, and power towers can be used to add resistance during swimming, aiding in the development of a stronger catch."
How does body alignment impact the freestyle catch?,"Maintaining proper body alignment ensures that the catch is executed efficiently, reducing drag and maximizing propulsion."
What is the significance of hand positioning during the catch?,"Proper hand positioning ensures that the swimmer can effectively 'catch' the water, engaging the forearm and hand muscles for propulsion."
How can swimmers integrate catch-focused drills into their training?,Incorporating drills like front sculling and the Long Dog drill into warm-ups or pre-sets can help reinforce proper catch mechanics before main sets.
What is the importance of proper breathing technique in freestyle swimming?,"Proper breathing technique enhances oxygen intake, maintains stroke rhythm, and reduces drag, leading to improved performance and endurance."
How does head position affect breathing in freestyle?,Maintaining a neutral head position aligned with the spine minimizes drag and facilitates easier breathing without disrupting body alignment.
"What is bilateral breathing, and why is it beneficial?","Bilateral breathing involves breathing on both sides, promoting stroke symmetry, balanced muscle development, and better awareness of surroundings."
How can I practice bilateral breathing effectively?,Incorporate breathing every three strokes during training to develop comfort and balance when breathing on both sides.
What is the recommended breathing pattern for sprint freestyle events?,"In sprints, swimmers often breathe every two strokes or even less to maximize oxygen intake and maintain speed."
How does body rotation influence breathing efficiency?,"Proper body rotation allows the mouth to clear the water surface with minimal head movement, facilitating smoother and quicker breaths."
"What is the 'bow wave,' and how does it assist in breathing?","The bow wave is a small trough created by the swimmer's head movement, allowing the mouth to access air with minimal head lift."
Why is exhaling underwater important in freestyle?,"Exhaling underwater ensures that inhalation can occur quickly when the mouth clears the surface, maintaining stroke rhythm and reducing breath-holding."
How can I improve my exhalation technique?,"Practice controlled, continuous exhalation through the nose or mouth while swimming to develop a natural breathing rhythm."
What drills can help enhance freestyle breathing technique?,"Drills like side-kicking with a snorkel, single-arm freestyle, and catch-up drill focus on body alignment and breathing mechanics."
How does using a snorkel aid in breathing practice?,A snorkel allows swimmers to focus on stroke technique and body position without the interruption of turning the head to breathe.
What is the impact of over-rotating the head during breathing?,"Over-rotating can disrupt body alignment, increase drag, and lead to inefficient breathing patterns."
How can I prevent over-rotation when breathing?,"Focus on rotating the body rather than just the head, keeping one goggle in the water and one out during breaths."
What role does the kick play in stabilizing breathing?,"A steady flutter kick helps maintain body position and balance, making breathing movements smoother and more controlled."
Why is timing crucial in freestyle breathing?,"Proper timing ensures that breathing occurs during the natural rotation of the body, minimizing disruptions to the stroke."
How can I practice breathing timing?,"Incorporate drills that emphasize synchronization of breath with arm strokes, such as the 3-3-3 drill (three strokes breathing left, three right, three bilateral)."
"What is hypoxic training, and how does it relate to breathing?","Hypoxic training involves swimming with limited breaths to improve breath control and oxygen efficiency, enhancing endurance."
Is hypoxic training suitable for all swimmers?,Hypoxic training should be approached cautiously and is generally recommended for advanced swimmers under supervision.
How does breathing frequency affect performance in distance events?,"In distance events, a consistent breathing pattern (e.g., every two or three strokes) helps maintain oxygen levels and stroke efficiency."
What are common breathing mistakes in freestyle?,"Common mistakes include lifting the head too high, holding the breath, irregular breathing patterns, and inadequate exhalation."
How can I correct lifting my head too high during breaths?,"Focus on rotating the body and keeping the head low, aiming to keep one goggle in the water while breathing."
What is the benefit of 'sneaky breathing' in freestyle?,"'Sneaky breathing' involves quick, low-profile breaths that minimize disruption to the stroke and reduce drag."
How can I develop 'sneaky breathing' skills?,"Practice breathing drills that emphasize minimal head movement and quick inhalation, such as the zipper drill."
What is the role of the lead arm during breathing?,"The lead arm provides stability and support, helping maintain body alignment while the other arm recovers and the swimmer breathes."
How can I ensure my lead arm stays extended during breathing?,"Focus on keeping the lead arm extended and slightly downward during the breath, avoiding dropping or pulling it prematurely."
"What is the 'zipper drill,' and how does it aid breathing?","The zipper drill involves dragging the thumb along the side during recovery, promoting high elbow recovery and body rotation, aiding in smoother breathing."
How does flexibility impact breathing technique?,"Greater flexibility, especially in the neck and shoulders, allows for easier head rotation and more efficient breathing."
What stretches can improve breathing-related flexibility?,"Incorporate neck rotations, shoulder stretches, and thoracic spine mobility exercises to enhance range of motion for breathing."
Why is consistent practice important for mastering breathing?,"Regular practice helps develop muscle memory, making efficient breathing a natural part of the stroke."
How can I integrate breathing practice into my swim workouts?,"Include specific breathing drills, focus sets with varied breathing patterns, and hypoxic sets to enhance breath control."
"What is the '3-3-3 drill,' and how does it improve breathing?","The 3-3-3 drill involves swimming three strokes breathing left, three right, and three bilateral, promoting adaptability and balance in breathing."
How does breathing affect stroke rate and rhythm?,"Improper breathing can disrupt stroke rhythm and reduce efficiency, while well-timed breaths help maintain a consistent stroke rate."
What is the impact of breath-holding on swimming performance?,"Excessive breath-holding can lead to oxygen debt, fatigue, and decreased performance; regular, controlled breathing is more effective."
How can I overcome anxiety related to breathing while swimming?,"Gradual exposure, relaxation techniques, and practicing in a controlled environment can help reduce breathing-related anxiety."
What is the benefit of nose exhalation during freestyle?,Exhaling through the nose helps prevent water from entering and promotes a steady breathing rhythm.
How can I practice nose exhalation effectively?,"Focus on continuous, gentle exhalation through the nose while swimming, integrating it into your regular breathing pattern."
What is the 'bow wave' technique in freestyle breathing?,Utilizing the bow wave created by the head's movement allows the mouth to access air with minimal head lift during breathing.
How can I train to use the bow wave for breathing?,"Practice swimming at a consistent speed, focusing on the trough created by the head to position the mouth for quick breaths."
"What is the significance of 'one goggle in, one goggle out' during breathing?","This technique ensures minimal head rotation, maintaining body alignment and reducing drag during breaths."
"How can I practice the 'one goggle in, one goggle out' method?","Use drills that emphasize minimal head movement, such as side-kicking with a focus on head position during breathing."
What is the role of the non-breathing arm during inhalation?,"The non-breathing arm provides propulsion and stability, helping maintain forward momentum and balance during the breath."
What is a swim snorkel?,"A swim snorkel is a training device worn on the head that allows swimmers to breathe continuously without turning their head, enabling focus on technique and body position."
How does a swim snorkel improve body alignment?,"By eliminating the need to turn the head to breathe, a snorkel helps maintain a neutral head position, promoting better overall body alignment in the water."
Can using a snorkel help balance my stroke?,"Yes, it encourages symmetrical stroke development by removing the asymmetry caused by unilateral breathing patterns."
Does a snorkel aid in developing a consistent kick?,"Absolutely, it allows swimmers to focus on maintaining a steady and efficient kick without interruption for breathing."
How does a snorkel enhance head position awareness?,"It reinforces proper head positioning by keeping the face down, reducing tendencies to lift or turn the head unnecessarily."
Can a snorkel assist in correcting hip roll issues?,"Yes, it helps swimmers identify and correct excessive or uneven hip rotation by stabilizing the head and promoting balanced body rotation."
Is a snorkel beneficial for sprint training?,"Indeed, it allows sprinters to maintain a streamlined position and focus on stroke efficiency without the disruption of breathing."
How does a snorkel contribute to improved technique?,"By removing the need to breathe, swimmers can concentrate on refining stroke mechanics, hand entry, and pull patterns."
Can using a snorkel increase lung capacity?,"Training with a snorkel can enhance respiratory muscle strength and improve breath control, contributing to increased lung capacity."
Does a snorkel help in reducing drag?,"Yes, maintaining a stable head position with a snorkel minimizes drag caused by head movements during breathing."
Is a snorkel useful for kick sets?,"Definitely, it enables swimmers to perform kick sets in a streamlined position without relying on a kickboard, promoting better body alignment."
How does a snorkel aid in sculling drills?,It allows swimmers to focus on hand positioning and water feel during sculling without the distraction of turning to breathe.
Can a snorkel be used in all strokes?,"While primarily used in freestyle, snorkels can also be beneficial in breaststroke and butterfly drills to focus on technique."
Does a snorkel assist in building aerobic capacity?,"Yes, continuous swimming with a snorkel can enhance aerobic endurance by promoting steady breathing patterns."
How does a snorkel benefit open water swimmers?,"It helps in developing a stable head position and efficient stroke mechanics, which are crucial for navigating open water conditions."
Is a snorkel helpful for swimmers recovering from injuries?,"Indeed, it reduces neck and shoulder strain by eliminating the need to turn the head, making it useful during rehabilitation."
Can beginners benefit from using a snorkel?,"Absolutely, it allows novice swimmers to focus on learning proper technique without the added complexity of breathing coordination."
Does a snorkel improve mindfulness during swimming?,"Yes, by simplifying breathing, swimmers can concentrate more on body movements and technique, enhancing overall awareness."
How does a snorkel aid in developing a stronger pull?,"It enables swimmers to focus on the underwater pull phase without interruption, promoting strength and efficiency."
Can a snorkel be used with other training equipment?,"Yes, it pairs well with fins, paddles, and pull buoys to target specific aspects of stroke development."
Does a snorkel help in reducing shoulder imbalances?,"By promoting symmetrical strokes, it can aid in preventing overuse injuries and muscle imbalances in the shoulders."
How does a snorkel contribute to better hand entry?,It allows swimmers to concentrate on precise hand placement and entry angles without the distraction of breathing.
Is a snorkel beneficial for swimmers with anxiety?,"Yes, it can provide a sense of security by ensuring a constant air supply, helping to reduce anxiety during training."
Can a snorkel improve stroke timing?,"Indeed, it facilitates focus on the rhythm and timing of strokes by removing the variable of breathing."
Does using a snorkel enhance core engagement?,Maintaining a streamlined position with a snorkel encourages activation of core muscles for stability.
How does a snorkel assist in developing a high elbow catch?,It allows swimmers to concentrate on the catch phase mechanics without the need to turn the head for breathing.
Can a snorkel be used in competitive training?,"Yes, many competitive swimmers incorporate snorkels into their training to refine technique and improve efficiency."
Does a snorkel help in maintaining consistent pacing?,"By eliminating breathing interruptions, it enables swimmers to focus on sustaining a steady pace."
How does a snorkel aid in developing stroke length?,It allows swimmers to concentrate on extending each stroke fully without the disruption of breathing.
Is a snorkel useful for swimmers of all levels?,"Absolutely, from beginners to elite athletes, snorkels are valuable tools for enhancing various aspects of swimming technique."
Can a snorkel improve overall swimming efficiency?,"Yes, by facilitating focus on technique, body position, and breathing control, snorkels contribute to more efficient swimming."
What is the importance of pull strength in swimming?,"Pull strength is crucial as it significantly contributes to propulsion, enabling swimmers to move efficiently through the water."
How does the Early Vertical Forearm (EVF) technique enhance pull strength?,"EVF positions the forearm vertically early in the stroke, maximizing the surface area pushing against the water, thus increasing propulsion."
What dryland exercises can improve swimming pull strength?,"Exercises like pull-ups, dumbbell rows, and medicine ball slams target muscles used in pulling, enhancing strength and endurance."
Why are pull-ups beneficial for swimmers?,"Pull-ups engage the latissimus dorsi and other upper body muscles, directly translating to stronger pulls in the water."
How do dumbbell rows aid in developing pull strength?,"Dumbbell rows strengthen the back and shoulder muscles, improving the pulling motion and stability during strokes."
What is the role of medicine ball slams in swim training?,"Medicine ball slams develop explosive power and mimic the downward pulling motion in swimming, enhancing overall strength."
How can resistance bands be used to improve pull strength?,"Resistance bands provide variable resistance, allowing swimmers to perform pull-specific movements, strengthening relevant muscles."
What is the benefit of using a pull buoy during training?,"A pull buoy isolates the upper body by keeping the legs afloat, allowing swimmers to focus on arm strength and technique."
How do hand paddles contribute to pull strength?,"Hand paddles increase resistance during the pull phase, building strength and improving stroke mechanics."
What precautions should be taken when using hand paddles?,"To prevent shoulder strain, use paddles appropriately sized for your hand and limit usage to avoid overloading muscles."
How does sculling improve pull technique?,"Sculling enhances the feel for the water and improves the catch phase of the stroke, leading to a more effective pull."
What is the significance of core strength in pull efficiency?,"A strong core stabilizes the body, allowing for better transfer of force during the pull and maintaining streamlined position."
How often should swimmers incorporate pull-focused workouts?,Including pull-focused sets 2-3 times a week can effectively build strength without overtraining.
What is the impact of shoulder mobility on pull strength?,"Good shoulder mobility allows for a greater range of motion, enabling a more powerful and efficient pull."
How can swimmers prevent shoulder injuries while increasing pull strength?,"Incorporate proper warm-ups, focus on technique, and avoid overuse by balancing training intensity and rest."
What is the role of the latissimus dorsi in swimming pulls?,"The latissimus dorsi is a primary muscle used during the pull phase, contributing significantly to propulsion."
How does body rotation affect pull strength?,"Proper body rotation allows for a longer stroke and better engagement of back muscles, enhancing pull effectiveness."
What are some in-water drills to improve pull strength?,"Drills like catch-up stroke, single-arm freestyle, and fingertip drag focus on technique and build pulling strength."
Why is it important to maintain a high elbow during the pull?,"A high elbow position ensures that the forearm and hand can push more water backward, increasing propulsion."
How can swimmers measure improvements in pull strength?,Monitoring stroke count per lap and swim times can indicate increased efficiency and strength in the pull.
What is the benefit of using a snorkel during pull training?,A snorkel allows swimmers to focus on stroke mechanics without the interruption of turning the head to breathe.
How do weighted pull-ups differ from regular pull-ups in training?,"Weighted pull-ups add resistance, further strengthening the muscles involved in the pulling motion."
What is the advantage of incorporating bench presses in dryland training?,"Bench presses develop chest and tricep strength, supporting the muscles used during the pull phase."
How do tricep pushdowns benefit swimmers?,"Tricep pushdowns isolate and strengthen the triceps, which are crucial for the final phase of the pull."
What role do dips play in enhancing pull strength?,"Dips target the triceps, shoulders, and chest, contributing to the power and endurance of the pulling motion."
How can Russian twists aid in swimming performance?,"Russian twists strengthen the obliques and core, improving body rotation and stability during strokes."
Why is it important to balance pull training with leg workouts?,"Balanced training ensures overall body strength, preventing imbalances that could affect stroke efficiency."
How does stroke rate relate to pull strength?,"An optimal stroke rate, combined with strong pulls, leads to efficient swimming and better performance."
What is the significance of stroke length in swimming?,"Longer strokes, achieved through effective pulls, reduce the number of strokes per lap, increasing efficiency."
How can swimmers increase their distance per stroke?,"Focusing on technique, strength training, and body position helps in covering more distance with each stroke."
What is the impact of overtraining on pull strength?,"Overtraining can lead to fatigue and injuries, hindering progress; adequate rest and recovery are essential."
How does flexibility influence pull technique?,"Flexibility, especially in the shoulders, allows for a greater range of motion, facilitating a more effective pull."
What are the signs of an inefficient pull?,"Signs include excessive splashing, short strokes, and rapid fatigue, indicating poor technique or lack of strength."
How can swimmers correct a dropped elbow during the pull?,Drills focusing on high elbow catch and visual cues can help maintain proper elbow position throughout the stroke.
What is the benefit of using a swim parachute during training?,"A swim parachute adds resistance, challenging the swimmer to develop greater strength and power in their pull."
How do drag socks contribute to pull strength?,"Drag socks increase resistance, forcing swimmers to work harder during the pull, thereby building strength."
What is the role of mental focus in improving pull strength?,Concentration on technique and muscle engagement during training enhances the effectiveness of each pull.
How can swimmers integrate pull training into their weekly routine?,"Incorporate specific pull sets, dryland exercises, and technique drills throughout the week for balanced development."
What is the advantage of single-arm drills in pull training?,"Single-arm drills isolate each arm, allowing swimmers to focus on technique and identify any imbalances."
How does breathing technique affect pull efficiency?,"Proper breathing ensures oxygen delivery to muscles, maintaining strength and endurance during pulls."
What is the importance of warm-up exercises before pull training?,"Warming up prepares the muscles, increases blood flow, and reduces the risk of injury during intense pull workouts."
How can swimmers use video analysis to improve their pull?,"Video analysis provides visual feedback on technique, helping identify areas for improvement in the pull phase."
What is the benefit of incorporating yoga into swim training?,"Yoga enhances flexibility, balance, and core strength, all of which contribute to a more effective pull."
How does nutrition impact pull strength development?,"Proper nutrition fuels muscle growth and recovery, essential for building and maintaining pull strength."
What is the significance of hydration in swim training?,"Staying hydrated maintains muscle function and endurance, supporting effective pull performance."
How can swimmers track progress in pull strength over time?,"Regular assessments, such as timed sets and stroke counts, help monitor improvements in pull strength and efficiency."
What is the importance of body position in swimming?,"Proper body position reduces drag, increases efficiency, and allows for smoother, faster swimming."
How does the cannonball float drill help swimmers?,"It helps swimmers understand buoyancy by highlighting how the lungs keep the body afloat, promoting awareness of balance in the water."
"What are soldier bobs, and how do they improve body position?","Soldier bobs involve vertical jumps with arms at the sides, teaching swimmers to maintain alignment and balance during movement."
How does the snorkel board drill aid in body positioning?,"By holding a kickboard horizontally with a snorkel, swimmers focus on keeping their body flat and close to the surface, enhancing streamline."
What is the rotisserie chicken drill?,"It's a kicking drill where swimmers rotate their shoulders under the chin while maintaining a steady kick, promoting full-body rotation and balance."
Why is core engagement crucial for body position?,"Engaging the core stabilizes the body, maintains alignment, and prevents hips and legs from sinking."
How can head position affect swimming posture?,"Looking straight down keeps the spine aligned, reducing drag and helping maintain a horizontal position."
What role do the lungs play in buoyancy?,"Inflated lungs act as natural flotation devices, helping keep the upper body afloat and balanced."
Why is it beneficial to practice bobs with eyes closed?,"It enhances proprioception, allowing swimmers to feel and adjust their body position without visual cues."
How does using a snorkel during drills improve technique?,It allows swimmers to focus on body alignment and movement without the interruption of turning the head to breathe.
What is the benefit of practicing streamline position?,"It minimizes resistance, allowing swimmers to glide efficiently through the water."
How can the catch-up drill improve body position?,"By focusing on one arm movement at a time, swimmers can concentrate on maintaining alignment and balance."
Why is it important to keep hips near the surface?,"High hips reduce drag and help maintain a horizontal, streamlined position."
How does the flutter kick contribute to body position?,A consistent flutter kick helps keep the legs afloat and maintains overall body alignment.
What is the impact of over-rotating the head during breathing?,"It can disrupt body alignment, causing the hips and legs to sink, increasing drag."
How can swimmers prevent their legs from sinking?,"Engaging the core, maintaining a steady kick, and proper head positioning help keep legs at the surface."
What is the significance of the streamline glide after a push-off?,It allows swimmers to capitalize on momentum with minimal resistance before starting strokes.
How does body rotation aid in freestyle swimming?,Proper rotation facilitates efficient arm movement and helps maintain a streamlined position.
What is the purpose of the fingertip drag drill?,"It encourages high elbow recovery and body awareness, promoting better alignment."
How can practicing backstroke drills improve overall body position?,"Backstroke drills emphasize balance and alignment, which are transferable to other strokes."
Why is relaxation important in achieving proper body position?,Tension can cause misalignment; staying relaxed helps maintain natural buoyancy and balance.
How does the use of fins assist in body position drills?,"Fins provide propulsion, allowing swimmers to focus on alignment without worrying about speed."
What is the benefit of the side-kick drill?,It teaches swimmers to maintain balance and alignment while rotating the body.
How can the use of a mirror at the pool bottom aid swimmers?,"It provides visual feedback on body position, helping swimmers make real-time adjustments."
Why is it important to align the head with the spine?,Proper alignment reduces drag and helps maintain a horizontal position in the water.
How does breathing technique influence body position?,"Improper breathing can disrupt alignment; smooth, side breathing helps maintain balance."
What is the role of shoulder flexibility in body positioning?,Flexible shoulders allow for better arm movement and help maintain streamline.
How can swimmers use the wall to practice body position?,Pushing off in streamline and gliding helps reinforce proper alignment and balance.
What is the impact of a strong kick on body position?,"A strong, consistent kick helps keep the legs afloat and supports overall alignment."
How does practicing vertical kicking improve body awareness?,"It enhances balance and core engagement, which are essential for maintaining position."
What is the benefit of the 6-kick switch drill?,It promotes body rotation and balance by combining kicking with controlled arm movements.
How can swimmers use video analysis to improve body position?,Reviewing footage helps identify misalignments and areas for improvement.
Why is it important to maintain a neutral neck position?,"It ensures the head is aligned with the spine, reducing drag and promoting balance."
How does the use of a pull buoy assist in body position training?,"It lifts the hips and legs, allowing swimmers to focus on upper body alignment."
What is the significance of ankle flexibility in swimming?,"Flexible ankles reduce drag and contribute to a more effective kick, aiding body position."
How can the Superman glide drill help swimmers?,It reinforces streamline position and teaches swimmers to maintain alignment while gliding.
Why should swimmers avoid looking forward during strokes?,"Looking forward can cause the hips to drop, disrupting alignment and increasing drag."
How does the use of resistance tools impact body position?,"They challenge swimmers to maintain alignment under increased resistance, strengthening posture."
What is the benefit of practicing body position drills regularly?,"Consistent practice reinforces muscle memory, leading to better alignment during actual swims."
How can swimmers simulate body position drills on land?,Core exercises and flexibility training on land can enhance body awareness and alignment in the water.
Why is it important to start each swim with a proper push-off?,A correct push-off sets the tone for alignment and streamline in the subsequent strokes.
How does bilateral breathing contribute to body position?,"It promotes symmetrical muscle development and balance, aiding in maintaining alignment."
What is the role of the chest in maintaining buoyancy?,"The chest, housing the lungs, provides buoyancy that helps keep the upper body afloat."
How can swimmers adjust their technique if they notice sinking hips?,"Engage the core, adjust head position, and ensure a steady kick to lift the hips."
What is the impact of hand entry on body position?,Proper hand entry helps maintain streamline and reduces disruptions to body alignment.
How does practicing with a metronome aid in body position?,"It helps swimmers maintain consistent rhythm, supporting balanced movements and alignment."
Why is it beneficial to incorporate body position drills into warm-ups?,"It prepares the body for proper alignment, setting the foundation for efficient swimming."
How can mindfulness techniques improve body awareness in swimming?,Being mentally present helps swimmers focus on alignment and make necessary adjustments.
What is the advantage of using a swim snorkel during drills?,"It allows for continuous breathing, enabling swimmers to concentrate on body position without turning the head."
How does the 'pressing the T' concept aid in body alignment?,"Pressing the chest down helps lift the hips, promoting a horizontal position in the water."
Why should swimmers focus on a narrow kick?,"A narrow kick reduces drag and helps maintain a streamlined, aligned body position."
What is the Single-Arm 6-Beat Kick Progression drill?,"It's a freestyle drill where one arm remains at the side while the other performs strokes, combined with a six-beat kick to enhance body rotation and coordination."
Why is the Single-Arm 6-Beat Kick drill beneficial?,"It emphasizes proper body rotation, strengthens the kick, and improves overall stroke timing and efficiency."
How does the six-beat kick function in freestyle swimming?,"A six-beat kick involves three kicks per arm stroke, promoting continuous propulsion and better body balance."
What equipment can enhance the Single-Arm 6-Beat Kick drill?,"Using a snorkel allows focus on body alignment without worrying about breathing, and fins can aid in maintaining proper kick tempo."
How does this drill improve body rotation?,"By isolating one arm, swimmers must engage their core and hips more to rotate effectively, enhancing overall stroke mechanics."
What is the progression after mastering the single-arm drill?,Transition to both arms swimming while maintaining the six-beat kick and body rotation learned from the single-arm practice.
Why is it important to focus on the shoulder of the non-stroking arm?,Driving rotation through the non-stroking shoulder ensures balanced movement and proper engagement of core muscles.
How can swimmers ensure proper timing in this drill?,Counting kicks and synchronizing them with arm movements helps maintain the correct six-beat rhythm.
What common mistakes should be avoided during this drill?,"Avoid over-rotating, neglecting the kick tempo, and improper head alignment, as these can disrupt the stroke's efficiency."
How does this drill aid in developing a stronger freestyle stroke?,"It reinforces the connection between kick and pull, leading to a more powerful and coordinated freestyle."
What is the role of the core in the Single-Arm 6-Beat Kick drill?,"The core stabilizes the body, facilitating effective rotation and maintaining a streamlined position."
Can this drill help with breathing technique?,"Yes, practicing with a snorkel or focusing on controlled breathing during the drill can improve breath timing and efficiency."
How often should swimmers incorporate this drill into their training?,Including it 2-3 times a week can significantly enhance stroke mechanics and coordination.
What variations can be added to this drill for advanced swimmers?,Incorporating resistance tools like DragSox or performing the drill at varying intensities can challenge and improve strength and technique.
How does this drill benefit sprint swimmers?,"It enhances kick strength and timing, crucial for explosive starts and maintaining speed during sprints."
Is the Single-Arm 6-Beat Kick drill suitable for all skill levels?,"Yes, it can be adapted for beginners focusing on technique and advanced swimmers aiming to refine their stroke."
How does this drill impact stroke symmetry?,"By isolating each arm, it helps identify and correct imbalances, leading to a more symmetrical stroke."
What is the significance of maintaining a steady kick during this drill?,A consistent kick ensures continuous propulsion and supports proper body alignment and rotation.
Can this drill be performed with different strokes?,"While primarily used for freestyle, the principles can be adapted for backstroke to improve rotation and kick timing."
How does this drill assist in developing muscle memory?,"Repeated practice reinforces the correct movement patterns, making efficient technique more automatic during regular swimming."
What is the benefit of integrating this drill into warm-up routines?,It prepares the body for training by activating key muscle groups and reinforcing proper technique from the start.
How can coaches assess progress with this drill?,"Monitoring improvements in stroke efficiency, timing, and swimmer feedback can indicate progress."
What is the impact of this drill on overall swim endurance?,"By improving technique and efficiency, it can contribute to better energy conservation and endurance during swims."
How does this drill complement other training exercises?,"It reinforces the fundamentals learned in other drills, creating a cohesive approach to stroke improvement."
Why is it important to focus on hip rotation during this drill?,"Proper hip rotation enhances stroke power and maintains body alignment, reducing drag."
How can swimmers transition from this drill to full-stroke swimming?,Gradually incorporating both arms while maintaining the learned kick and rotation techniques facilitates a smooth transition.
What is the role of head position in this drill?,Keeping the head aligned with the spine ensures streamlined movement and effective breathing.
How does this drill affect kick propulsion?,"It strengthens the kick by emphasizing tempo and coordination, leading to more effective propulsion."
Can this drill help in reducing stroke count?,"Yes, improved efficiency and propulsion can lead to covering more distance per stroke, reducing overall stroke count."
What is the advantage of using fins during this drill?,"Fins can help maintain kick tempo and provide additional propulsion, allowing swimmers to focus on technique."
How does this drill influence arm recovery mechanics?,"By isolating one arm, swimmers can concentrate on the recovery phase, ensuring proper hand entry and movement."
What is the significance of shoulder flexibility in this drill?,"Flexible shoulders allow for a greater range of motion, facilitating better stroke mechanics and reducing injury risk."
How can swimmers maintain motivation while practicing this drill?,"Setting specific goals, tracking progress, and varying the drill can keep training engaging and purposeful."
What is the impact of this drill on swim speed?,Enhanced coordination and propulsion from this drill can contribute to increased swim speed over time.
How does this drill assist in developing a balanced stroke?,"It highlights and corrects asymmetries, promoting a more balanced and efficient stroke."
What precautions should be taken when performing this drill?,"Ensure proper warm-up, focus on technique over speed, and avoid overexertion to prevent injury."
Can this drill be used for rehabilitation purposes?,"Yes, when performed gently, it can aid in recovering from shoulder injuries by focusing on controlled movements."
What is the benefit of alternating arms during this drill?,Alternating arms ensures balanced development and prevents overuse of one side.
How does this drill affect breathing patterns?,It encourages controlled breathing and can help swimmers develop a more efficient breathing rhythm.
What is the role of the non-stroking arm in this drill?,Keeping it at the side helps isolate the stroking arm's movement and emphasizes body rotation.
How can swimmers integrate this drill into their training cycles?,Including it in technique-focused sessions or as part of warm-ups can reinforce proper mechanics.
What is the advantage of using a snorkel during this drill?,A snorkel allows swimmers to focus solely on stroke mechanics without the interruption of turning the head to breathe.
How does this drill contribute to injury prevention?,"By promoting proper technique and balanced muscle development, it reduces the risk of overuse injuries."
What is the effect of this drill on stroke timing?,"It enhances the synchronization between arm movements and kicks, leading to better stroke timing."
How can swimmers measure improvement from this drill?,"Tracking metrics like stroke count, swim times, and perceived effort can indicate progress."
What is the Golf Ball Drill in swimming?,It's a drill where swimmers hold a golf ball between their thumb and index finger to promote proper hand entry during freestyle and backstroke.
How does the Golf Ball Drill improve hand entry?,"By holding the ball, swimmers are encouraged to enter the water with the outside edge of the hand, leading with the pinky, which is ideal for long-axis strokes."
Why is leading with the pinky important in freestyle and backstroke?,Leading with the pinky reduces shoulder strain and aligns the hand for a more efficient catch phase.
Can the Golf Ball Drill be used for strokes other than freestyle and backstroke?,It's primarily designed for long-axis strokes like freestyle and backstroke; it's not typically used for breaststroke or butterfly.
What equipment is needed for the Golf Ball Drill?,"A standard golf ball is used, held between the thumb and index finger during the drill."
Is the Golf Ball Drill suitable for beginners?,"Yes, it's simple and effective for swimmers at all levels to improve hand entry technique."
How often should swimmers practice the Golf Ball Drill?,Incorporating it into warm-ups or technique sets a few times a week can be beneficial.
What are common mistakes to avoid during the Golf Ball Drill?,"Dropping the elbow, leading with the thumb, or gripping the ball too tightly can hinder the effectiveness of the drill."
How does the Golf Ball Drill enhance proprioception?,It increases awareness of hand positioning and movement through tactile feedback from the ball.
Can the Golf Ball Drill help prevent shoulder injuries?,"Yes, by promoting proper hand entry, it can reduce undue stress on the shoulder joint."
Should swimmers use both hands simultaneously in the Golf Ball Drill?,"It's typically performed one arm at a time to focus on technique, but advanced swimmers may use both."
What is the role of the non-drilling arm during the Golf Ball Drill?,"It remains at the swimmer's side or performs a normal stroke, depending on the drill variation."
How does the Golf Ball Drill affect stroke timing?,"It encourages deliberate and mindful hand entry, which can improve overall stroke rhythm."
Can fins be used during the Golf Ball Drill?,"Yes, fins can help maintain body position and propulsion, allowing focus on hand entry."
What is the recommended duration for each Golf Ball Drill set?,"Sets of 25 to 50 meters are common, focusing on quality over quantity."
How does the Golf Ball Drill compare to fist drills?,"Both promote awareness of hand positioning, but the Golf Ball Drill specifically targets entry technique."
Is it beneficial to use a snorkel during the Golf Ball Drill?,"Yes, a snorkel allows swimmers to focus on hand entry without worrying about breathing."
Can the Golf Ball Drill be integrated into a swim workout?,"Absolutely, it can be included in technique-focused sets or as part of a warm-up."
What feedback should coaches provide during the Golf Ball Drill?,"Coaches should observe hand entry angle, body alignment, and ensure the swimmer maintains control of the ball."
How does the Golf Ball Drill influence the catch phase of the stroke?,Proper hand entry sets up an effective catch by aligning the hand and forearm correctly.
Can the Golf Ball Drill be modified for swimmers with smaller hands?,"Using a smaller object, like a ping pong ball, can make the drill more comfortable for those with smaller hands."
What is the primary goal of the Golf Ball Drill?,"To reinforce correct hand placement upon water entry, leading to improved stroke efficiency."
How does the Golf Ball Drill aid in developing muscle memory?,Repeated correct hand entries while holding the ball help ingrain proper technique.
Is the Golf Ball Drill effective for correcting a dropped elbow?,"Yes, it promotes a high elbow position by encouraging proper hand alignment during entry."
Can the Golf Ball Drill be used during swim meets?,"It's a training drill and not permitted during competition, but its benefits can carry over to race performance."
What is the Triple Tap Freestyle drill?,It's a freestyle drill where swimmers perform three distinct taps during the arm recovery to enhance stroke mechanics and body awareness.
What are the three taps in the Triple Tap drill?,"The swimmer taps the water in front at full extension, then near the hip, and finally returns the arm forward to repeat the sequence."
How does the Triple Tap drill improve freestyle technique?,"It promotes a longer reach, better body rotation, and a more controlled arm recovery, leading to a more efficient stroke."
Why is the side kick position important in this drill?,Maintaining a side kick position helps swimmers focus on balance and streamline during the arm recovery.
Can beginners perform the Triple Tap drill?,"Yes, it's suitable for swimmers of various levels, though beginners may benefit from using fins to maintain body position."
What equipment can assist with the Triple Tap drill?,"Fins can help maintain a good bodyline, and a snorkel allows swimmers to focus on the drill without worrying about breathing."
How does this drill benefit shoulder mobility?,"By emphasizing full arm extension and controlled movement, it enhances shoulder flexibility and range of motion."
What is the role of the non-stroking arm during the drill?,"It remains extended in front, providing balance and helping maintain a streamlined position."
How does the drill enhance body rotation?,"The sequence of taps encourages swimmers to rotate their torso effectively, promoting better engagement of core muscles."
Can the Triple Tap drill aid in developing a higher elbow recovery?,"Yes, focusing on controlled arm movements during the drill can lead to a higher and more efficient elbow recovery."
What is the recommended kick pattern during this drill?,"A steady flutter kick, often a six-beat kick, helps maintain propulsion and body position."
How does the drill improve hand entry technique?,"By emphasizing the tap at full extension, swimmers become more aware of proper hand placement during entry."
Is the Triple Tap drill beneficial for sprint swimmers?,"Yes, it helps develop a more powerful and efficient stroke, which is crucial for sprint events."
How often should swimmers incorporate this drill into their training?,Including it in warm-ups or technique sets a few times a week can be beneficial.
What common mistakes should be avoided during the Triple Tap drill?,"Rushing through the taps, inadequate body rotation, and improper hand placement can reduce the drill's effectiveness."
Can this drill be integrated into a swim workout?,"Absolutely, it can be included in technique-focused sets or as part of a warm-up."
How does the drill assist in developing muscle memory?,"Repeated practice reinforces the correct movement patterns, making efficient technique more automatic during regular swimming."
Is it beneficial to use a snorkel during the Triple Tap drill?,"Yes, a snorkel allows swimmers to focus solely on stroke mechanics without the interruption of turning the head to breathe."
How can coaches assess progress with this drill?,"Monitoring improvements in stroke efficiency, timing, and swimmer feedback can indicate progress."
What feedback should coaches provide during the Triple Tap drill?,"Coaches should observe hand entry angle, body alignment, and ensure the swimmer maintains control throughout the drill."
Can the Triple Tap drill help prevent shoulder injuries?,"Yes, by promoting proper hand entry and recovery, it can reduce undue stress on the shoulder joint."
How does the drill influence the catch phase of the stroke?,Proper hand entry sets up an effective catch by aligning the hand and forearm correctly.
Is the Triple Tap drill effective for correcting a dropped elbow?,"Yes, it promotes a high elbow position by encouraging proper hand alignment during recovery."
Can the Triple Tap drill be used during swim meets?,"It's a training drill and not permitted during competition, but its benefits can carry over to race performance."
What is the primary goal of the Triple Tap drill?,"To reinforce correct arm movement and body rotation, leading to improved stroke efficiency."
What is the Switchblades drill in swimming?,The Switchblades drill is designed to improve the speed and efficiency of flip turns by focusing on rapid rotation and streamlined push-offs.
Why is it called the 'Switchblades' drill?,"The name 'Switchblades' reflects the quick, snapping motion of the legs during the flip turn, akin to the swift opening of a switchblade knife."
Which swimming strokes benefit most from the Switchblades drill?,"Primarily freestyle and backstroke, as both involve flip turns that can be optimized using this drill."
What are the key components of an effective flip turn?,"A strong approach, quick tuck, tight rotation, and a powerful push-off while maintaining a streamlined position."
How does the Switchblades drill enhance flip turn speed?,"By emphasizing rapid leg movement and core engagement, it trains swimmers to execute faster and more efficient turns."
Can beginners practice the Switchblades drill?,"Yes, but it's recommended they first master basic flip turn mechanics before incorporating the speed-focused elements of this drill."
What equipment can assist in practicing the Switchblades drill?,"Using fins can help reinforce the kicking motion, and a snorkel allows swimmers to focus on technique without worrying about breathing."
How often should swimmers incorporate the Switchblades drill into their training?,Including it 2-3 times a week can effectively improve flip turn performance over time.
What common mistakes should be avoided during the Switchblades drill?,"Over-rotating, poor timing, and not maintaining a tight tuck can reduce the effectiveness of the drill."
How does core strength impact the effectiveness of the Switchblades drill?,A strong core facilitates quicker rotation and better control during the flip turn.
Is the Switchblades drill suitable for sprint swimmers?,"Absolutely, as efficient flip turns are crucial in sprints where every fraction of a second counts."
Can the Switchblades drill help reduce turn time in races?,"Yes, by training swimmers to execute faster turns, it can contribute to overall reduced race times."
What is the recommended approach distance before initiating a flip turn?,"Typically, swimmers begin their turn approximately one stroke away from the wall, but this can vary based on individual stroke length."
How does body position affect the success of the Switchblades drill?,Maintaining a streamlined body position during the push-off maximizes speed and efficiency after the turn.
Can the Switchblades drill be practiced during warm-ups?,"Yes, incorporating it into warm-ups can help reinforce proper flip turn mechanics from the start of a session."
What role do the arms play during the flip turn in the Switchblades drill?,Arms should be positioned to aid in rotation and quickly streamline for the push-off.
How can swimmers measure improvement from the Switchblades drill?,Tracking turn times and overall lap splits can indicate progress in flip turn efficiency.
Is breath control important during the Switchblades drill?,"Yes, proper breath timing ensures swimmers don't hold their breath too long or exhale prematurely during the turn."
What is the impact of leg flexibility on the Switchblades drill?,Greater flexibility allows for a tighter tuck and quicker rotation during the flip turn.
How does the Switchblades drill influence overall swim performance?,"Efficient flip turns reduce time spent at the wall, contributing to faster overall swim times."
Can the Switchblades drill be modified for swimmers with shoulder issues?,"Yes, focusing on the leg and core components while minimizing arm movement can accommodate such swimmers."
What is the ideal head position during the flip turn?,Tucking the chin towards the chest facilitates a smoother and faster rotation.
How does the Switchblades drill benefit open water swimmers?,"While flip turns aren't used in open water, the drill enhances core strength and body control, benefiting overall swim technique."
Should the Switchblades drill be performed at maximum speed?,"It's beneficial to start slowly to master technique, then gradually increase speed to simulate race conditions."
What feedback should coaches provide during the Switchblades drill?,"Coaches should focus on the swimmer's rotation speed, body alignment, and push-off strength to ensure effective execution."
What is the Paddle Push drill in freestyle swimming?,It's a technique drill where swimmers place a paddle on their head to reinforce proper head alignment during freestyle.
Who developed the Paddle Push drill?,"Kyle Johnson, Head Age Group Coach at Gold Medal Swim Club in Arizona."
What is the primary purpose of the Paddle Push drill?,"To teach and reinforce proper head position during freestyle swimming, both during regular strokes and breathing."
How is the paddle used in this drill?,"A medium-sized paddle is placed on the top of the swimmer's head, held in place by water pressure as they swim."
Why is head alignment important in freestyle?,"Proper head alignment ensures streamlined body position, reduces drag, and promotes efficient breathing."
What happens if the swimmer lifts their head during the drill?,"The paddle will fall off, providing immediate feedback on improper head position."
Can this drill help with breathing technique?,"Yes, it encourages swimmers to maintain head alignment even during breaths, preventing excessive head lifting."
What size paddle is recommended for this drill?,"A medium-sized paddle, though the exact size can vary based on the swimmer's head size and comfort."
Is this drill suitable for all age groups?,"Yes, swimmers of various ages and skill levels can benefit from practicing the Paddle Push drill."
Can fins be used during the Paddle Push drill?,"Yes, using fins can help maintain body position and propulsion, allowing focus on head alignment."
What is the role of water pressure in this drill?,"Water pressure helps keep the paddle on the swimmer's head, reinforcing the need for proper head position."
How does this drill promote body awareness?,"By providing immediate feedback when the paddle falls, swimmers become more conscious of their head and body alignment."
Can a snorkel be used with this drill?,"Yes, a snorkel allows swimmers to focus solely on head position without the need to turn the head for breathing."
What are common mistakes to avoid during the Paddle Push drill?,"Lifting the head too much, improper paddle placement, and inconsistent swimming pace."
How often should this drill be incorporated into training?,Including it in warm-ups or technique sets a few times a week can be beneficial.
Does this drill help with stroke efficiency?,"Yes, maintaining proper head alignment contributes to a more streamlined and efficient stroke."
Can this drill be adapted for backstroke?,"While primarily designed for freestyle, the concept can be modified for backstroke to emphasize head position."
What feedback should coaches provide during this drill?,"Coaches should observe head alignment, paddle stability, and overall body position, offering corrections as needed."
Is the Paddle Push drill effective for correcting a dropped head?,"Yes, it encourages swimmers to keep their head in line with their spine, preventing it from dropping."
Can this drill be used during swim meets?,"It's a training drill and not permitted during competition, but its benefits can carry over to race performance."
What is the impact of this drill on overall swim performance?,"Improved head alignment leads to better body position, reduced drag, and enhanced swimming efficiency."
How does this drill influence breathing patterns?,"It promotes controlled breathing without excessive head movement, leading to more efficient breaths."
Is it beneficial to use this drill for warm-ups?,"Yes, it helps set the tone for proper technique and body awareness at the start of a training session."
Can the Paddle Push drill aid in injury prevention?,"By promoting proper alignment, it can reduce strain on the neck and shoulders, potentially preventing injuries."
What is the key takeaway from practicing the Paddle Push drill?,Maintaining consistent and proper head alignment is crucial for efficient and effective freestyle swimming.
How can I improve my swimming performance through dryland training?,"Dryland training enhances strength, flexibility, and endurance, which are crucial for better swimming performance. Incorporating exercises like planks, squats, and plyometrics can lead to improved starts, turns, and overall speed in the water."
What are some effective dryland exercises for swimmers?,"Exercises such as planks, flutter kicks, squats, push-ups, and resistance band workouts target muscles used in swimming, helping to build strength and improve technique."
Can dryland workouts help me prevent swimming injuries?,"Yes, dryland exercises strengthen muscles and improve joint stability, reducing the risk of common swimming injuries like shoulder impingements and knee pain."
How often should I include dryland training in my swim routine?,"Incorporating dryland workouts 2-3 times a week can complement your swim training, allowing for muscle recovery while still building strength and endurance."
What equipment do I need for dryland workouts?,"Basic equipment includes a yoga mat, resistance bands, dumbbells, and a stability ball. These tools can enhance your workouts by adding resistance and variety."
Are there dryland exercises that mimic swimming movements?,"Yes, exercises like 'swimmer's superman' and resistance band pulls simulate swimming strokes, helping to reinforce muscle memory and technique."
How can I improve my core strength for swimming?,"Core exercises like planks, Russian twists, and leg raises target the abdominal muscles, providing better stability and body position in the water."
What plyometric exercises are beneficial for swimmers?,"Plyometric exercises such as jump squats, box jumps, and burpees improve explosive power, aiding in faster starts and turns."
Can dryland training help with my breathing technique?,"While dryland exercises don't directly train breathing, improving overall fitness and core strength can enhance breath control and efficiency in the water."
How do I structure a dryland workout session?,"A balanced session includes a warm-up, strength training, core exercises, and a cool-down. For example, start with jumping jacks, proceed to squats and push-ups, then finish with stretching."
"What is the role of flexibility in swimming, and how can I improve it?","Flexibility allows for greater range of motion, leading to more efficient strokes. Incorporate stretching exercises like shoulder rolls and hamstring stretches into your routine."
Are resistance bands useful for swimmers?,"Yes, resistance bands are excellent for simulating swim strokes and building strength without the need for heavy weights."
How can I enhance my kick strength through dryland training?,"Exercises like flutter kicks, leg lifts, and squats target the muscles involved in kicking, leading to stronger propulsion in the water."
What are some dryland exercises for improving shoulder stability?,"Shoulder presses, resistance band external rotations, and scapular push-ups strengthen shoulder muscles, reducing injury risk."
Can I do dryland workouts at home without equipment?,"Absolutely. Bodyweight exercises like push-ups, planks, and lunges require no equipment and are effective for building strength."
How does dryland training affect my swimming endurance?,"By improving muscular strength and cardiovascular fitness, dryland training allows you to swim longer distances with less fatigue."
What is the importance of balance exercises for swimmers?,"Balance exercises enhance body awareness and control, leading to better stability and coordination in the water."
How can I track progress in my dryland training?,"Keep a workout journal noting exercises, sets, reps, and how you feel after each session to monitor improvements over time."
Should I focus more on upper or lower body exercises?,"Both are important. Upper body exercises improve stroke power, while lower body workouts enhance kick strength and overall propulsion."
Can yoga be beneficial for swimmers?,"Yes, yoga improves flexibility, balance, and mental focus, all of which contribute to better swimming performance."
How do I prevent overtraining with dryland workouts?,"Ensure adequate rest between sessions, listen to your body, and vary your workouts to prevent burnout and injuries."
What is the best time to do dryland training in relation to swim practice?,It's often best to do dryland workouts after swimming or on separate days to avoid fatigue affecting swim performance.
How can I make my dryland workouts more challenging?,"Increase resistance, add more repetitions, or incorporate compound movements to intensify your workouts."
Are there specific dryland exercises for improving starts and turns?,"Yes, plyometric exercises like squat jumps and core workouts enhance explosive power and body control, crucial for starts and turns."
How long should a typical dryland workout last?,"A well-rounded dryland session can last between 30 to 60 minutes, depending on intensity and goals."
Can dryland training help me swim faster?,"By building strength, improving technique, and enhancing endurance, dryland training contributes to increased swim speed."
What are some common mistakes to avoid during dryland workouts?,"Avoid improper form, neglecting warm-ups and cool-downs, and overtraining without adequate rest."
How do I stay motivated to continue dryland training?,"Set specific goals, track progress, vary your workouts, and perhaps train with a partner to maintain motivation."
Is it necessary to consult a coach for dryland training?,"While not mandatory, a coach can provide personalized guidance, ensure proper technique, and help you achieve your goals efficiently."
Can dryland exercises improve my swim stroke technique?,"Yes, exercises that mimic swim movements can reinforce proper technique and muscle memory."
How does core strength influence my swimming performance?,"A strong core stabilizes your body, leading to better balance, streamlined position, and efficient energy transfer during strokes."
What are some beginner-friendly dryland exercises?,"Start with basic movements like squats, push-ups, planks, and lunges to build foundational strength."
How often should I update or change my dryland routine?,"Every 4-6 weeks, adjust your routine to include new exercises or increased intensity to continue progressing."
Can dryland training help with recovery from swimming injuries?,"With proper guidance, dryland exercises can aid in rehabilitation by strengthening supporting muscles and improving flexibility."
What is the significance of leg strength in swimming?,"Strong legs contribute to powerful kicks, better starts, and efficient turns, all essential for competitive swimming."
How can I incorporate dryland training into a busy schedule?,"Short, high-intensity workouts or integrating exercises into daily routines can make dryland training more manageable."
Are there any online resources for dryland workout plans?,"Yes, websites like SwimSwam and U.S. Masters Swimming offer various dryland workout plans suitable for different levels."
How do I ensure proper form during dryland exercises?,"Focus on technique over speed, consider working with a coach, and use mirrors or video recordings for self-assessment."
Can dryland training improve my mental toughness?,"Challenging workouts build resilience and discipline, which can translate to improved mental strength in competitions."
How can I improve my shoulder mobility for swimming?,"Incorporate exercises like shoulder dislocates with a resistance band, wall slides, and arm circles to enhance shoulder flexibility and reduce the risk of injury."
What are some effective dryland exercises to enhance my freestyle stroke?,"Exercises such as resistance band pulls, push-ups, and planks can strengthen the muscles used in freestyle, improving stroke efficiency and power."
Can dryland training help me with my butterfly stroke?,"Yes, focusing on core exercises like Russian twists and leg raises, along with upper body strength training, can improve the power and coordination needed for butterfly."
How do I prevent shoulder injuries through dryland workouts?,Strengthening the rotator cuff muscles with exercises like external rotations and incorporating proper warm-up routines can help prevent shoulder injuries.
What dryland exercises can help me improve my backstroke?,"Exercises that enhance core stability and shoulder mobility, such as superman holds and resistance band rows, can benefit your backstroke technique."
How can I increase my ankle flexibility for better kicks?,"Incorporate ankle mobility drills like ankle circles, toe points, and calf stretches to improve flexibility and kick efficiency."
What role does balance training play in swimming?,"Balance exercises like single-leg stands and stability ball workouts enhance proprioception, aiding in better body control and alignment in the water."
Can I use yoga as part of my dryland training?,"Absolutely, yoga improves flexibility, balance, and mental focus, all of which are beneficial for swimming performance."
How do I structure a dryland workout for sprint swimming?,"Focus on explosive movements like jump squats, medicine ball slams, and short, high-intensity circuits to build power and speed."
What are some dryland exercises to improve my breaststroke?,Strengthening the inner thighs with exercises like sumo squats and incorporating hip mobility drills can enhance your breaststroke kick and glide.
How can I use resistance bands effectively in my dryland routine?,"Use resistance bands for simulated swim strokes, shoulder strengthening, and dynamic stretches to target swimming-specific muscles."
What is the importance of core strength in swimming?,"A strong core stabilizes your body, improves streamline position, and facilitates efficient transfer of power during strokes."
How often should I perform dryland workouts during the swim season?,"Integrate dryland training 2-3 times per week, adjusting intensity based on your swim training load and competition schedule."
Can dryland training help me recover from a swimming injury?,"Yes, with guidance from a healthcare professional, dryland exercises can aid in rehabilitation by strengthening supporting muscles and restoring mobility."
What are some effective cool-down exercises after dryland training?,"Incorporate static stretches targeting major muscle groups, deep breathing exercises, and foam rolling to aid recovery and flexibility."
How do I stay motivated to continue dryland training?,"Set specific goals, track your progress, vary your workouts, and consider training with a partner or group to maintain motivation."
Can dryland exercises improve my flip turns?,"Yes, exercises like squat jumps and core rotations can enhance the explosive power and body control needed for efficient flip turns."
What is the best way to warm up before a dryland workout?,"Start with dynamic stretches, light cardio like jumping jacks or jogging in place, and mobility drills to prepare your body for exercise."
How can I measure progress in my dryland training?,"Keep a workout log detailing exercises, sets, reps, and how you feel during workouts to monitor improvements over time."
What are some common mistakes to avoid in dryland training?,"Avoid neglecting warm-ups and cool-downs, using improper form, overtraining, and not allowing adequate rest and recovery."
How can I make my dryland workouts more challenging as I progress?,"Increase resistance, add more complex movements, reduce rest intervals, or incorporate new exercises to continue challenging your body."
Is it beneficial to include plyometric exercises in my dryland routine?,"Yes, plyometrics like box jumps and burpees develop explosive power, which is crucial for starts and turns in swimming."
What are some dryland exercises to enhance my streamline position?,"Planks, hollow body holds, and superman exercises strengthen the core and back muscles, promoting a tighter streamline."
How do I balance dryland training with swim practices?,"Schedule dryland sessions on days with lighter swim workouts, ensure proper recovery, and listen to your body's signals to avoid overtraining."
Can I perform dryland workouts without any equipment?,"Absolutely, bodyweight exercises like push-ups, squats, lunges, and planks are effective for building strength and endurance without equipment."
How can I improve my core strength for better swimming performance?,"Incorporate exercises like planks, Russian twists, and flutter kicks into your routine. These target the core muscles essential for stability and propulsion in the water."
What dryland exercises can help me enhance my freestyle stroke?,"Focus on shoulder mobility drills, resistance band pulls mimicking the freestyle motion, and core workouts to support efficient stroke mechanics."
How do I increase my explosive power for swim starts?,"Include plyometric exercises such as squat jumps, box jumps, and medicine ball slams to develop the explosive strength needed for powerful starts."
What routines can I follow to improve my underwater dolphin kicks?,Practice core-strengthening exercises like leg raises and streamline flutter kicks on land to enhance your underwater propulsion.
How can I prevent shoulder injuries through dryland training?,"Incorporate shoulder mobility exercises, resistance band external rotations, and scapular stabilization drills to maintain healthy shoulders."
What are effective dryland exercises for improving my backstroke?,"Engage in exercises that enhance shoulder flexibility, core stability, and leg strength, such as reverse flys, planks, and lunges."
How can I simulate swim strokes during dryland workouts?,"Use resistance bands to mimic swim strokes, focusing on the full range of motion and controlled movements to replicate in-water techniques."
What is a good warm-up routine before dryland training?,"Start with dynamic stretches like arm circles, leg swings, and torso rotations, followed by light cardio such as jumping jacks or jump rope."
How often should I incorporate dryland training into my swim regimen?,"Aim for 2-3 dryland sessions per week, allowing for adequate recovery and complementing your swim workouts."
What equipment is beneficial for dryland swim training?,"Resistance bands, medicine balls, stability balls, and a mat are versatile tools that can enhance your dryland workouts."
How can I improve my kick strength through dryland exercises?,"Perform lower body exercises like squats, lunges, and calf raises to build the muscles involved in kicking."
What are some dryland exercises to enhance my breaststroke?,"Focus on hip mobility drills, inner thigh strengthening exercises, and core workouts to support the unique movements of breaststroke."
How do I maintain flexibility for swimming through dryland training?,"Incorporate static stretching post-workout, targeting major muscle groups used in swimming, to maintain and improve flexibility."
"What is the role of core stability in swimming, and how can I train it?","Core stability is crucial for maintaining body alignment in the water. Train it with exercises like planks, bird-dogs, and dead bugs."
Can dryland training help me swim faster?,"Yes, by improving strength, power, and flexibility, dryland training complements swim workouts and can lead to faster swim times."
How do I structure a dryland workout session?,"Begin with a warm-up, followed by strength and conditioning exercises targeting swim-specific muscles, and conclude with a cool-down and stretching."
What are some beginner-friendly dryland exercises for swimmers?,"Start with bodyweight exercises like squats, push-ups, and planks to build a foundation before progressing to more advanced movements."
How can I improve my streamline position through dryland training?,"Practice exercises that enhance shoulder flexibility and core strength, such as overhead stretches and hollow body holds."
What dryland exercises can help with my flip turns?,Incorporate rotational core exercises and leg strength workouts like Russian twists and squat jumps to improve flip turn efficiency.
How do I balance dryland training with swim practices?,Schedule dryland sessions on non-intensive swim days or after swim workouts to ensure adequate recovery and avoid overtraining.
Can I do dryland workouts at home without equipment?,"Yes, bodyweight exercises like lunges, push-ups, and planks require no equipment and can effectively improve swim performance."
"What is the importance of leg strength in swimming, and how can I develop it?","Strong legs contribute to powerful kicks and starts. Develop leg strength with exercises like squats, lunges, and calf raises."
How can I enhance my breathing technique through dryland training?,Practice breath control exercises and diaphragmatic breathing drills to improve respiratory efficiency during swims.
What are some advanced dryland exercises for competitive swimmers?,"Incorporate plyometrics, resistance training, and complex movements like burpees and medicine ball slams to challenge your body."
How do I ensure proper technique during dryland exercises?,"Focus on controlled movements, maintain proper form, and consider consulting a coach or using mirrors to monitor your technique."
Can dryland training aid in injury prevention?,"Yes, strengthening muscles and improving flexibility through dryland exercises can reduce the risk of common swimming injuries."
How does core strength impact my swimming efficiency?,"A strong core helps maintain body alignment, reduces drag, and allows for more effective transfer of power during strokes."
What is the benefit of plyometric exercises for swimmers?,"Plyometrics enhance explosive power, which is essential for quick starts, turns, and sprinting in swimming."
How can I track progress in my dryland training?,"Keep a workout journal, note improvements in repetitions or resistance, and assess how these gains translate to swim performance."
What are some common mistakes to avoid during dryland workouts?,"Avoid neglecting warm-ups, using improper form, overtraining, and not allowing sufficient recovery time between sessions."
How do I tailor dryland workouts to my specific swim events?,"Focus on exercises that mimic the demands of your events, such as sprint-focused plyometrics for sprinters or endurance training for distance swimmers."
Can yoga be beneficial for swimmers as part of dryland training?,"Yes, yoga improves flexibility, balance, and mental focus, all of which are advantageous for swimmers."
"What is the role of shoulder mobility in swimming, and how can I improve it?",Shoulder mobility allows for a greater range of motion in strokes. Improve it with dynamic stretches and mobility drills.
How can I incorporate resistance bands into my dryland routine?,"Use resistance bands for exercises that mimic swim strokes, shoulder stabilization, and strength training."
What are effective cool-down exercises after dryland workouts?,"Engage in light cardio, followed by static stretching targeting muscles used during the workout to aid recovery."
How do I prevent overtraining with dryland exercises?,"Listen to your body, schedule rest days, and vary your workouts to prevent burnout and overuse injuries."
"What is the significance of hip mobility in swimming, and how can I enhance it?",Hip mobility contributes to efficient kicks and turns. Enhance it with dynamic stretches and mobility exercises.
How can I improve my body alignment in the water through dryland training?,Strengthen your core and back muscles with exercises like planks and supermans to maintain proper alignment.
What are some effective dryland exercises for improving my butterfly stroke?,"Focus on shoulder mobility, core strength, and explosive movements like medicine ball slams to support the demands of butterfly."
How can I simulate swim starts during dryland training?,Practice explosive jumps and streamline positions on land to mimic the mechanics of swim starts.
What is the benefit of incorporating balance exercises into my dryland routine?,"Balance exercises improve coordination and core stability, both of which are essential for efficient swim strokes and turns."
Can dryland training improve my reaction time on the blocks?,"Yes, incorporating explosive drills like sprint starts and box jumps can help sharpen your reaction time during race starts."
What are good dryland routines for younger swimmers?,"Focus on bodyweight exercises, fun agility drills, and flexibility work that support proper movement without overloading joints."
How do I avoid shoulder tightness from dryland training?,"Incorporate proper warm-ups, cooldowns, and mobility exercises such as band dislocates and doorway stretches."
Is it helpful to do dryland training before or after swim practice?,"It depends on the goal, pre-swim dryland can be a warm-up, while post-swim is better for strength and conditioning."
What is a good dryland circuit I can do in 20 minutes?,"Try 3 rounds of: 10 push-ups, 15 squats, 20 mountain climbers, 30-second plank, and 10 burpees with 1-minute rest between rounds."
How can I work on my pull strength for freestyle with dryland training?,Use resistance bands or do rows and lat pulldowns to strengthen your lats and upper back for a stronger catch and pull.
What's the best way to build rotational strength for flip turns?,"Exercises like Russian twists, cable woodchoppers, and med ball throws can help build explosive rotational core strength."
How can I build ankle flexibility for better kicking?,"Perform ankle circles, toe points, and towel stretches daily to increase your range of motion and improve kicking efficiency."
How do I know if my dryland workouts are helping my swimming?,"Track swim times, endurance, and strength improvements in the pool. If you're moving faster or feeling stronger, it's working."
How can I improve my freestyle body alignment?, Focus on maintaining a straight line from head to toe engaging your core muscles to keep your hips and legs aligned with your torso.
What drills can help me enhance my freestyle kick?, Incorporate streamline kick drills with fins emphasizing small quick kicks while keeping your legs straight and relaxed.
How do I develop a better freestyle rotation?, Practice side-kicking drills rotating your body from one side to the other while keeping one arm extended and the other at your side.
What exercises can improve my freestyle pull technique?, Use the catch-up drill to focus on one arm at a time ensuring a high elbow catch and a strong pull through the water.
How can I refine my freestyle breathing?, Implement the 3-3-3 drill: take three strokes breathing every third stroke then three strokes breathing every fifth stroke and finally three strokes breathing every seventh stroke.
What strategies can help me increase my freestyle stroke rate?, Practice swimming with a tempo trainer gradually increasing the beep rate to encourage a faster turnover while maintaining technique.
How do I enhance my freestyle catch efficiency?, Perform sculling drills at the front of your stroke to develop a better feel for the water and a more effective catch phase.
What drills can help me with freestyle hand entry?, Use fingertip drag drills to promote a relaxed recovery and proper hand entry position.
How can I improve my freestyle arm recovery?, Practice the zipper drill sliding your thumb up your side during recovery to encourage a high elbow and relaxed arm movement.
What techniques can help me maintain a consistent freestyle pace?, Incorporate descending sets where you gradually increase your speed with each repetition focusing on even pacing and controlled effort.
How can I develop a stronger breaststroke kick?, Perform vertical kicking drills focusing on snapping your heels together and maintaining a narrow kick to maximize propulsion.
What exercises can improve my breaststroke pull?, Use the sculling drill to enhance your feel for the water during the insweep phase of the breaststroke pull.
How do I synchronize my breaststroke timing?, Practice the pull-kick-glide drill emphasizing the sequence and timing of each phase to ensure smooth transitions.
What drills can help me maintain a streamlined breaststroke position?, Incorporate the glide drill focusing on extending your body and reducing resistance after each stroke cycle.
How can I enhance my breaststroke breathing technique?, Practice swimming breaststroke with a snorkel to isolate and improve your head and body position during the breathing phase.
What strategies can help me increase my breaststroke stroke rate?, Perform short sprints with a focus on quick transitions between the pull and kick phases maintaining a consistent rhythm.
How do I improve my breaststroke pullout?, Practice underwater pullout drills emphasizing a strong dolphin kick followed by a powerful pull and streamlined glide.
What techniques can help me reduce drag in breaststroke?, Focus on keeping your head in line with your spine and minimizing vertical movement to maintain a streamlined position.
How can I develop better breaststroke turns?, Incorporate open turn drills concentrating on quick hand placements and a strong push-off into a streamlined glide.
What drills can help me with breaststroke tempo?, Use the breaststroke with flutter kick drill to maintain forward momentum and develop a faster stroke tempo.
"How should I exhale during freestyle swimming?","You should trickle exhale continuously underwater through your nose or mouth to avoid CO2 buildup and maintain relaxation."
"What happens if I hold my breath during freestyle?","Holding your breath increases carbon dioxide in your body, causing discomfort and panic while swimming."
"How does body rotation help breathing in freestyle?","Rotating your entire body during freestyle brings your mouth closer to the surface naturally without overusing your neck."
"Should I breathe every third stroke in freestyle?","Bilateral breathing (every third stroke) is good for balance, but breathing patterns can be adjusted based on your comfort and oxygen needs."
"What is trickle breathing in freestyle?","Trickle breathing means releasing a steady stream of bubbles underwater, rather than holding your breath."
"How do I rotate properly while swimming freestyle?","Rotate your shoulders, hips, and core together, minimizing extra head movement when breathing."
"What happens if I swim too flat during freestyle?","Swimming flat makes breathing harder and increases the chance of straining your neck."
"Where should my eyes look during freestyle swimming?","Look straight down or slightly ahead at the pool bottom to maintain a streamlined position."
"Why is body position important in freestyle?","Maintaining a horizontal body position reduces drag and makes swimming more efficient."
"How should my hands enter the water in freestyle?","Your hands should enter the water fingertips first, about shoulder-width apart, and immediately extend forward."
"What happens if my hand crosses over the midline in freestyle?","Crossing over can cause imbalance and inefficient side-to-side wiggling."
"How should I pull water during freestyle?","Bend your elbow and pull straight back, pushing water toward your feet to propel forward."
"What is the ideal head position during freestyle?","Keep your head neutral, with your eyes looking slightly forward and down."
"Why do swimmers perform a high elbow catch in freestyle?","A high elbow catch maximizes the amount of water you can pull and makes your stroke more powerful."
"What does streamline mean in swimming?","Streamline is the body's most hydrodynamic position, minimizing resistance in the water."
"How can I improve my freestyle kick?","Kick from your hips, keep ankles relaxed, and maintain a steady rhythm without excessive knee bend."
"Why should my freestyle kick be narrow?","A narrow kick reduces drag and conserves energy."
"How often should I breathe during freestyle swimming?","Beginners should breathe every two to three strokes to stay relaxed and maintain oxygen levels."
"What causes over-rotation in freestyle?","Breathing late or exaggerating the roll can cause over-rotation, disrupting balance."
"How should I start practicing freestyle breathing?","Practice trickle exhaling in the water and coordinate breathing with body rotation during easy laps."
"What body part drives backstroke rotation?","Your hips and core drive rotation in backstroke, not just the shoulders."
"Where should my head position be in backstroke?","Your head should stay still, with your eyes looking straight up, and your chin slightly tucked."
"How should my arms move in backstroke?","Recover with a straight arm out of the water, rotate the shoulder, and enter pinky-first into the water."
"Why is a pinky-first entry important in backstroke?","A pinky-first entry reduces resistance and sets up a clean pull."
"How much rotation is needed in backstroke?","Rotate about 30 degrees from side to side for optimal power and efficiency."
"What happens if I over-rotate in backstroke?","Over-rotation can slow your stroke rate and make you unstable in the water."
"What does a strong backstroke pull look like?","Your hand sweeps outward slightly, pulls downward, and finishes by pushing past your hip."
"How should I kick during backstroke?","Kick from your hips with straight, relaxed legs, making small, fast kicks."
"Why is a steady kick important in backstroke?","It keeps your body high and balanced on the surface of the water."
"How can I keep a straight line while swimming backstroke?","Use ceiling tiles or lane lines as visual markers to swim straight."
"Where should I look while swimming backstroke?","Look straight up at the ceiling or sky to maintain body alignment."
"How should I breathe while swimming backstroke?","Since your face is out of the water, breathe normally and rhythmically."
"Why is timing important in backstroke?","Proper timing between your arms and legs ensures smooth, efficient movement through the water."
"What does a proper breaststroke pullout look like?","After the start and each turn, streamline, pull down strongly, kick once, and glide."
"What is the correct arm motion in breaststroke?","Start with a glide, sweep your arms outward, pull in a heart-shaped pattern, then extend forward into a glide."
"How should my head move in breaststroke?","Your head should lift just enough to breathe, then immediately return to a neutral, face-down position."
"How should I kick in breaststroke?","Perform a whip kick: heels up, knees apart, then kick outward and together, finishing with straight legs."
"Why is timing crucial in breaststroke?","Good timing between the pull, breath, kick, and glide maximizes efficiency and speed."
"What is glide in breaststroke?","Glide is the phase after pulling and kicking when you streamline to maximize distance per stroke."
"What happens if I rush the kick in breaststroke?","You lose the glide phase and become less efficient, wasting energy."
"Why should I squeeze my legs together at the end of the kick in breaststroke?","Squeezing your legs together creates a strong finish and maximizes propulsion."
"What does a good breaststroke body position look like?","Body should stay near the surface, with hips high and chest pressing slightly downward during the glide."
"How often should I breathe during breaststroke?","Take a breath every stroke cycle, ideally timing it with the start of the pull."
"What causes poor timing in breaststroke?","Breathing too late, pulling too early, or rushing the kick can all disrupt timing."
"How should I exhale during freestyle?","Exhale continuously underwater to prevent carbon dioxide buildup and stay relaxed."
"Why is body rotation important in freestyle?","Rotating your entire body allows easier breathing and improves efficiency by reducing neck strain."
"What happens if I swim too flat in freestyle?","Swimming flat forces your neck to overwork during breathing and makes it harder to grab air efficiently."
"How often should I breathe in freestyle?","Breathe based on your comfort, whether that's every second, third, or fourth stroke—there's no strict rule."
"Is bilateral breathing necessary in freestyle?","Bilateral breathing can help balance your stroke, but it's fine to stick to one side if it feels more natural."
"How should I position my head in freestyle?","Keep your head looking straight down or slightly forward to maintain proper body alignment."
"Why shouldn't I lift my head too much while breathing in freestyle?","Lifting the head increases drag and disrupts your body position."
"How can I reduce drag during freestyle?","Focus on body rotation, a neutral head position, and a steady kick to minimize resistance."
"How do I breathe correctly in breaststroke?","Inhale naturally at the end of the pull phase when your head rises out of the water."
"When should I exhale during breaststroke?","Exhale during the glide and recovery phase while your face is underwater."
"Why is it important to keep my face down during breaststroke?","Keeping your face down after breathing reduces drag and maintains streamline."
"What are the three key elements of breaststroke?","Focus on pull, kick, and glide to maintain rhythm and efficiency."
"How can I stay in sync in breaststroke?","Maintain a steady pattern of pull, kick, and glide without rushing any part of the stroke."
"When should I breathe during butterfly?","Take a breath when your arms are pulling down, as your head naturally lifts."
"How should I position my chin during butterfly breathing?","Lead with your chin slightly in front of your forehead to minimize drag."
"How can I minimize drag while breathing in butterfly?","Take a quick breath and drop your head back underwater before your hands re-enter."
"Why is quick breathing important in butterfly?","A fast breath prevents excessive drag and maintains your stroke's rhythm."
"How do my arms control breathing in butterfly?","Arm movement drives your head position, so synchronize your breath with your pull."
"How can I improve my underwater dolphin kick?","Keep your body streamlined and use powerful, small kicks from the hips."
"Why is breathing timing important in freestyle?","Breathing too late can cause over-rotation and disrupt body balance."
"How do I glide efficiently in breaststroke?","After pulling and kicking, stretch into a glide position to maximize distance per stroke."
"What is the correct breathing technique for backstroke?","Inhale during the arm recovery and exhale during the pull phase while keeping a relaxed face."
"How can I maintain a straight line in backstroke?","Keep your head still, eyes looking upward, and maintain even arm pulls."
"Why does body position matter in backstroke?","A proper body position reduces drag and improves propulsion."
"How should I rotate in backstroke?","Rotate your shoulders and hips together to maximize pull strength and efficiency."
"What causes zigzagging in backstroke?","Uneven hand entries and poor rotation timing often cause drifting."
"How can I fix my hand entry in backstroke?","Enter your hands pinky-first in line with your shoulders to stay straight."
"How important is the kick in backstroke?","A steady flutter kick maintains body position and adds propulsion."
"What happens if I hold my breath while swimming?","Holding your breath increases carbon dioxide buildup and makes you tire quickly."
"How can a snorkel help my swimming technique?","Using a snorkel removes breathing stress, allowing better focus on stroke mechanics."
"What are common mistakes in freestyle breathing?","Holding your breath, over-rotating the head, and breathing too late are common errors."
"How do I know if I'm breathing too late in freestyle?","If you feel rushed or unstable after breathing, you're likely initiating it too late."
"What happens if I don't exhale fully in breaststroke?","Incomplete exhalation can cause you to rush your breath and disrupt rhythm."
"How can I synchronize breathing and pulling in butterfly?","Time your breath during the pull phase to naturally lift your head without extra effort."
"How should my arms recover in butterfly?","Arms should recover low over the water, staying relaxed to conserve energy."
"Why should I avoid lifting my head too high in butterfly?","A high head position increases drag and disrupts your streamline."
"How do I stay streamlined during underwater work in freestyle?","Tighten your core, keep your head tucked, and maintain a tight flutter kick."
"When should I start kicking after pushing off the wall?","Begin kicking as soon as you start to lose momentum from the push-off."
"How many dolphin kicks should I do underwater in butterfly?","Take three or four strong dolphin kicks before surfacing for the breakout stroke."
"How should I break out after an open turn?","Push off streamlined, kick underwater, and break the surface into a strong first stroke."
"What is a good breathing pattern for beginners in freestyle?","Breathing every two strokes is often easiest until you develop better breath control."
"Why is 'trickle breathing' recommended in freestyle?","It keeps you relaxed and prevents CO2 buildup, reducing the feeling of panic."
"How do I prevent my hips from dropping in freestyle?","Engage your core, kick steadily, and maintain a neutral head position."
"How can I practice better breathing timing in butterfly?","Use drills like single-arm butterfly or three strokes without breathing to refine timing."
"What does a proper breaststroke kick look like?","Heels should come toward the butt, knees stay close, and feet whip outward and backward."
"What causes scissor kicking in freestyle?","Poor body rotation control often leads to legs crossing during the kick."
"How can I make my butterfly stroke more sustainable?","Focus on relaxed arm recovery, efficient breathing, and using the hips for propulsion."
"What are some breathing drills for freestyle?","Try catch-up drill while exhaling underwater, or use a snorkel to focus solely on pulling."
"Why should I avoid looking forward when swimming butterfly?","Looking forward raises your head too much and disrupts body alignment."
"How can I reduce shoulder strain in backstroke?","Ensure correct hand entry with the pinky first and avoid over-rotating your shoulders."
"When should I start exhaling in freestyle?","Start exhaling as soon as your face re-enters the water after breathing."
"How can pull buoy drills help my freestyle breathing?","Using a pull buoy isolates the upper body, letting you focus solely on breathing timing."
"What is the most important focus for beginner backstrokers?","Maintain a stable head position with a relaxed neck to swim straight and efficiently."
"Why should I swim with my fingers slightly apart in freestyle?","Swimming with fingers slightly apart increases the hand's surface area, helping you catch more water and swim faster with less effort."
"How much should I spread my fingers during the pull?","Aim for about a 10-degree spread between your fingers for optimal efficiency."
"What happens if I cup my hand too tightly while swimming freestyle?","Over-cupping can reduce surface area and waste energy, making your stroke less efficient."
"What is an early vertical forearm (EVF) in freestyle?","An EVF means getting your forearm vertical early during the pull phase, allowing you to push water backward more effectively."
"Why is a high elbow important during freestyle?","A high elbow allows for a stronger pull and gets you into the propulsive phase of the stroke sooner."
"How can I tell if my elbow is dropping during freestyle?","If you feel you're pushing water downward instead of backward, your elbow may be dropping."
"How can I fix a dropped elbow in freestyle?","Visualize your hand and forearm rolling over a Swiss ball, 'hooking' into the pull to keep the elbow high."
"What causes corkscrew hips in freestyle?","Corkscrew hips often come from a dropped elbow or from rotating excessively to breathe."
"When should I breathe during my freestyle stroke?","Start breathing early in the stroke cycle, ideally just as your arm begins pulling underwater."
"What’s the proper head position when breathing in freestyle?","Keep one goggle in the water and one out, and look at the pool's side wall rather than up at the ceiling."
"How can I stop over-rotating when I breathe?","Focus on a quick, early breath with minimal head movement—think side breath, not up breath."
"Why does late breathing mess up my freestyle stroke?","Late breathing causes over-rotation, dropped elbows, and unstable hips, making your stroke inefficient."
"How should I exhale while swimming freestyle?","Exhale slowly and continuously underwater rather than all at once to keep breathing smooth."
"How do I rotate properly during freestyle?","Use your core and hips to drive the rotation, not just your shoulders."
"What does Caeleb Dressel say about rotation?","He emphasizes rotating from your belly and legs, not relying too much on your arms."
"How can rotating my core help my freestyle?","Engaging your core reduces arm fatigue and increases power and distance per stroke."
"Why should I imagine myself swimming 'downhill'?","It helps lower your head and raise your hips, minimizing drag and improving body position."
"What happens if I look too far forward in freestyle?","You’ll create drag, drop your hips, and make your stroke less efficient."
"How do I fix my head position while swimming?","Focus on keeping your head neutral, looking straight down, and imagine swimming slightly downhill."
"How important is my kick in freestyle swimming?","A strong kick helps maintain good body position, adds propulsion, and stabilizes your pull."
"What percentage of propulsion comes from kicking?","Elite swimmers can generate about 30% of their force from their kick during sprints."
"Why do my ankles bang together when I kick?","It’s usually a sign that you’re over-rotating your shoulders."
"How can I kick more effectively in freestyle?","Kick from your hips, not your knees, and practice using a 2-, 4-, or 6-beat kick pattern."
"Should I work on my upkick too?","Yes, kicking upward is just as important as the downward motion for a balanced, powerful kick."
"How can resistance training help my freestyle?","Adding resistance highlights technical flaws and builds more power for a stronger stroke."
"What are some resistance tools I can use for swimming?","Swim parachutes, DragSox, and resistance tubing are excellent for adding resistance."
"Why does my breathing feel rushed in freestyle?","You might be breathing too late in the stroke cycle; focus on earlier, quicker breaths."
"How can I practice early breathing?","Drill breathing right as your hand enters the catch phase, not later during the pull."
"How can I improve my distance per stroke (DPS)?","Rotate more from your core and extend fully with each arm reach."
"Why does my freestyle stroke feel unstable?","Instability often comes from inconsistent kicking or rotating too much when breathing."
"How can resistance drills improve my technique?","They force you to maintain good body alignment and catch even when the water feels heavier."
"How do I keep my hips from sinking in freestyle?","Maintain a strong, consistent kick and a neutral head position facing down."
"What causes my freestyle stroke to feel 'heavy'?","Lifting your head to breathe or dropping your elbow can create drag and slow you down."
"What are good cues to think about when swimming freestyle?","'Swim downhill,' 'high elbow catch,' and 'kick from the hips' are helpful mental cues."
"What’s the best way to fix my freestyle breathing?","Start breathing earlier, keep one goggle underwater, and exhale smoothly under the water."
"Why do I lose momentum after breathing?","Over-rotation or lifting the head too much disrupts your body alignment and kills speed."
"How can I rotate my shoulders without over-rotating my hips?","Keep the rotation driven by your core while maintaining a tight, rhythmic kick."
"How can I tell if I’m kicking too much from my knees?","If your knees bend sharply or feel heavy when you kick, you’re likely using too much knee flexion."
"How can fingertip drag drills help my freestyle?","They teach proper hand recovery and promote a high elbow position above the water."
"Should I add resistance swimming into my regular workouts?","Yes, light resistance once or twice a week can improve strength, endurance, and body position."
"How do I know if my hand entry is correct?","Your hand should enter the water cleanly, in line with your shoulder, and extend forward fully."
"What happens if I overreach in freestyle?","Overreaching can lead to shoulder strain and inefficient timing of the catch."
"How can I make my freestyle recovery smoother?","Think of your recovery as a relaxed yet controlled throw forward driven by the hips."
"Why do my shoulders hurt when swimming freestyle?","It could be from poor rotation mechanics, dropped elbows, or overreaching at hand entry."
"What’s a simple fix if I’m feeling slow and heavy mid-race?","Focus on head position—lower it slightly—and tighten up your kick rhythm."
"How do Olympic swimmers make freestyle look so easy?","They minimize drag, maximize rotation power, and breathe efficiently with great timing."
"Can breathing every two strokes help my freestyle?","It can, especially for sprinting, but bilateral breathing (every three) helps balance your stroke."
"How can I practice breathing better during warm-ups?","Swim easy 25s or 50s focusing solely on early, quick, side breathing with a neutral head."
"What does a 'controlled throw' mean during freestyle recovery?","It means using your hips and core to lightly fling your hand forward, rather than muscling it."
"Should I practice freestyle drills with a snorkel?","Yes, using a snorkel lets you focus on body alignment and catch technique without worrying about breathing."
"What’s a quick drill to improve my early vertical forearm?","Single-arm freestyle with a focus on keeping the elbow high and rolling the forearm over early."
"How often should I focus on freestyle technique in practice?","Spend at least part of every practice focusing on one technical aspect, even during hard sets."
"Why do I sometimes feel out of breath even though I’m fit?","Poor breathing timing, late breathing, or tension from lifting your head could be causing it."
"What’s the most important thing for improving my freestyle fast?","Fix your breathing and body position first—these impact everything else in your stroke."
"How can I improve my underwater dolphin kick for sprinting?","Focus on bringing more power to up-kick, utilizing your core and hips to power the whip of the kick."
"How can I get faster underwaters?","Start the movement from the hands, and think of your entire body as a whip, from the hands to feet."
"Why are my underwater dolphin kicks slow?","Prioritize full body movement instead of kicking with just the legs, work on ankle flexibility to improve propulsion."
"Why do I feel like the water is slipping?","Try to think of the catch as reaching over a barrel, anchoring, and pulling your body forward through the water, focus of early vertical forearm."
"How can I improve kick timing in freestyle?","For sprints, think about a 6-beat kick (3 kicks per stroke) and a 4 beat kick for distance."
"What are some drills to improve pull in freestyle?","Try the fist drill where you swim freestyle, just with the hand in a closed fist.  This helps with early vertical forearm."
"Why do my breakouts feel slow?","Timing is everything with breakouts.  Focus on breaking out about a foot below the water and break out on the down kick."
"How can I improve my start?","Focus on explosive workouts like olympic lifts or box jumps to increase the distance off the block."
"How can I improve reaction time?","Great question!  Grab a friend and a wooden dowel and practice dropping it while the other catches it."
"What is the most important part of a sprint race?","The first 15 meters are everything in a sprint race.  Prioritize explosive underwaters with a perfect breakout to get an edge on the rest of the field."
"Why are the first 15m so important?","The first 15m are important because it allows for an early lead to build.  Swimmers like Caeleb Dressel have amazing 15m times."
"Why do I feel my legs dragging?","Focus on getting those hips up and head down.  When you actively put your head down, the hips are forced up."
"What can I do to fix my butterfly?","Practice getting your head down before your hands enter the water on the recovery as well as getting those hips up our of the water."
"Why does the water feel like it's slipping when I pull?","In the catch phase, extend your arm (as if your head is laying on it) and think of your hand as an anchor pulling your body forward."
"How do I fix freestly breakthing?","Focus on keeping one eye in the water at all times.  Staying low to the water will greatly help the amount of drag induced by taking a breath."
"Why does my kick feel weak?","Your kick can feel weak if you are primarily using your knees as power.  Practice using your hips, quads and glutes to generate the whip of a kick."
"What's the best head position in freestyle?","The best head positions differs for sprinters and long distance.  For distance, you should be looking straight down.  For sprints, a small tilt can be helpful for generating torque."
"Should I use straight arm or high elbow freestly?","Using straight arm recovery is helpful for sprinting (below 200m).  Bent arm is preferred for longer distance (above 200m).  Straight arm pull should never be used."
"How many days should I swim per week?","Practice frequency depends on where you are in training.  More frequent practices tend to be farther away from a big meet, this is called being under load."
"Should I lift weights as a swimmer?","Yes, swimmers should lift weights.  Prioritize explosive and full body movements with a good balance of stretching and mobility work."
"What dryland exercises help swimmers most?","Explosive exercises like; cleans, jerks, snatches, box jumps, and med ball throws help swimmers the most.  However, general weight training is recommended to build strength."
"How to avoid swimmers shoulder?","Prioritize internal and external rotations to build shoulder strength and flexibility as well as stretching and warming up before practices."
"What should I eat to help recover after practice","Prioritize proteins, healthy fats, and complex carbs for recovering after a hard set.  This will help rebuild muscle and re-energize your body."
"What is a good kick set to build leg strength?","Beat the clock is a great set to build leg strength.  You start on the top of the clock and have to be back a second faster for every 50 yards."
"How can I sprint faster in the 50 free?","Focus on explosive dry land exercises and lifts.  Focus on the start and maintaining a straight body line as you enter the water.  Keep the momentum through the first 15m with explosive underwaters."
"How do I swim faster without getting tired","Technique is always the issue here, start looking in to ways you can improve your technique."
How can I get a faster start off the blocks?,Focus on plyometric training like box jumps and Olympic lifts to launch yourself further off the start.
What workouts can help me explode off the blocks?,"Build explosiveness with exercises like snatches, clean pulls, and box jumps to maximize your block clearance."
How do I get more distance on my start?,Prioritize explosive dryland movements to push harder against the block and enter the water with more momentum.
How do I train for better reaction times?,Practice drop-stick drills with a partner. Have someone drop a dowel and react as fast as you can to catch it.
What drills help with faster start reactions?,A simple dowel drop test with a friend can sharpen your reaction timing for the start.
What's a good way to improve my starting reflex?,Grab a stick or ruler and have a partner drop it for you to catch — this quickens your visual and physical reaction times.
What is the key to winning a sprint swim race?,Dominate the first 15 meters with strong underwaters and an aggressive breakout.
Which part of a sprint determines the winner?,Focus heavily on your underwater kicks and breakout because the first 15 meters can define the race.
Where should I put the most effort in a 50 freestyle?,"Your start, underwaters, and breakout set the tone. Get ahead early in the first 15 meters."
Why is the first part of a sprint so crucial?,Gaining an early lead at 15 meters often translates into winning momentum for the rest of the race.
Why do swimmers emphasize the first 15 meters?,"A strong 15 meters means you carry more speed into the swimming phase, staying ahead of your competitors."
How important is the first 15m for sprinters?,"In elite racing, the difference in the first 15m often decides who wins — it's about exploding and carrying momentum forward."
How can I fix my legs sinking when I swim?,Keep your head low and press your chest down slightly to help lift the hips and legs naturally.
Why do my legs sink in freestyle?,"Usually, it’s from lifting the head too much — pushing your head down helps get the hips up."
How do I keep my hips high while swimming?,"Focus on a tight core and maintain a neutral, downward-facing head position to keep your bodyline flat."
How do I make my butterfly smoother?,Make sure your head drops underwater just before your arms recover to keep the rhythm and lift the hips.
Why does my butterfly feel choppy?,Work on getting your head underwater earlier during the recovery to help drive your hips higher.
What are tips for fixing my butterfly stroke?,Drive your head down after breathing and emphasize hips snapping upward during the stroke cycle.
Why do I lose grip on the water when I pull?,Focus on an early catch by reaching forward and setting your forearm and hand to pull water backward.
How do I get more pull in the water?,"Anchor your hand and forearm during the catch phase to pull your body forward, not just push water."
How can I make my catch phase stronger?,"Imagine your hand grabbing onto solid water and pulling yourself past it, rather than slipping through it."
How do I fix messy freestyle breathing?,Keep one goggle in the water and breathe quickly to the side to reduce drag and maintain rhythm.
Why does breathing slow me down in freestyle?,"Lifting your head too high creates drag — instead, rotate just enough to breathe with one eye still underwater."
What's the best way to breathe efficiently in freestyle?,"Minimize head lift by turning just enough to sip air, keeping your bodyline as straight as possible."
Why doesn't my kick feel powerful?,"If you kick mostly from the knees, it reduces power. Generate kicks from your hips and core for more strength."
How can I kick stronger?,"Focus on engaging your glutes, hips, and quads — not just your knees — to create a faster and stronger kick."
What causes a weak swim kick?,Overusing the knees instead of using a full-body motion limits power. Strengthen your hips and core to fix it.
Where should I look when swimming freestyle?,Distance swimmers should look straight down. Sprinters might have a slight forward tilt to generate lift and speed.
How should my head be positioned in freestyle?,"For long races, eyes down for better alignment. For sprints, a slight chin lift can increase tempo and power."
Does head position affect my speed in freestyle?,"Absolutely — head too high = more drag; head too low = better bodyline. Small adjustments matter, especially in sprints."
Should I swim freestyle with a straight arm?,"For sprinting (50/100m), straight-arm recovery can add power. For endurance swims, use a bent elbow recovery."
Is bent arm or straight arm better for freestyle?,Straight arm suits sprinters because of the explosive tempo. High elbow recovery is better for distance to save energy.
When should I use straight arm recovery in freestyle?,"Only in sprints. For 200m and longer, bent elbow recovery is more efficient and sustainable."
How often should swimmers train weekly?,"During heavy training blocks, swimmers might swim 6-9 times per week. It varies depending on meet season."
How many swim practices are ideal per week?,"More practices build endurance early in the season, but frequency tapers closer to important races."
Should I swim every day?,"Not necessarily. Structured rest days are critical to allow recovery, especially during intense training cycles."
Is lifting weights good for swimmers?,"Yes, focusing on compound lifts improves explosiveness in the pool. Balance it with plenty of flexibility work."
Should swimmers do strength training?,"Absolutely. Building general strength improves speed, power, and injury prevention."
How important is dryland training for swimming?,"Very important. Proper strength training enhances starts, underwaters, and overall race performance."
What dryland exercises benefit swimmers the most?,"Olympic lifts, box jumps, and med ball throws build the power and coordination swimmers need."
Which land workouts help swimming performance?,Focus on explosive lifts and bodyweight strength to complement your in-water training.
What's a good dryland routine for swimmers?,"Mix plyometrics, powerlifting, and mobility work for a well-rounded swim strength program."
How do I prevent swimmer’s shoulder?,Strengthen your rotator cuff with internal and external rotation exercises and stretch thoroughly.
What can I do to protect my shoulders?,Consistent rotator cuff work and warming up before practice can greatly reduce shoulder injury risk.
How can I keep my shoulders healthy?,"Focus on prehab — rotator cuff strengthening, posture correction, and dynamic warmups."
What should swimmers eat after training?,"Combine proteins, healthy fats, and complex carbs to aid muscle recovery and restore energy."
What's a good recovery meal after swimming?,"Prioritize foods like chicken, quinoa, avocado, and veggies for complete recovery nutrition."
How should I fuel up after a hard swim set?,Lean proteins plus slow-digesting carbs are key to repairing muscles and refueling glycogen stores.
What’s a tough kick set for building power?,"""Beat the clock"" kick sets challenge you to get faster every round — a fantastic way to strengthen your legs."
How can I make my legs stronger for swimming?,Try timed kick sets where each 50 must be faster than the last to build stamina and strength.
What's a good kick workout for sprinters?,Timed descending kick sets (like beating the clock) develop leg endurance and speed.
How can I drop time in my 50 free?,"Start with explosive dryland training, master your start, and perfect the underwater and breakout."
How do I swim a faster 50 freestyle?,"Focus on a powerful start, strong underwater kicks, and staying tight and streamlined."
What’s the key to sprinting the 50 free?,"Explosive start, aggressive underwater phase, and maintaining max velocity on the breakout."
How can I swim fast and not gas out?,The biggest secret is technical efficiency — better form saves energy and keeps you fast.
Why do I get tired so fast when I sprint?,"Poor technique wastes energy. Focus on perfecting your mechanics to swim faster, longer."
How do I maintain speed without fatigue?,"Smooth, efficient technique reduces drag and conserves energy during races and practices."
Why is proper body alignment essential in freestyle?,Proper body alignment helps you stay streamlined reducing resistance and conserving energy as you swim.
How does staying streamlined help in freestyle?,A streamlined body minimizes drag making your movements more efficient and your stroke more effective.
What are the benefits of maintaining a straight body line in the water?,A straight body line reduces turbulence and allows swimmers to move faster with less effort.
Why is head position important in freestyle swimming?,Looking down with your head aligned to your spine helps reduce drag and maintain balance.
How should my head be positioned during freestyle?,Your head should be neutral with eyes looking downward to promote better alignment and less resistance.
What happens if your head position is too high or low while swimming freestyle?,An improper head position can disrupt body balance and increase drag slowing you down.
Why do swimmers rotate their hips during freestyle?,Hip rotation helps increase stroke length and power by engaging your core muscles.
How does rotating the hips improve freestyle technique?,Effective hip rotation boosts propulsion and allows for a smoother more powerful stroke.
Is hip movement necessary during freestyle?,Yes rotating the hips enhances your stroke efficiency and helps synchronize your body movements.
Why is it important to keep a high elbow during the catch?,A high elbow lets you engage your lats and back muscles more effectively during the pull phase.
How does elbow position affect your pull in freestyle?,A high elbow provides a better angle for applying force backward improving propulsion.
What advantage does a high elbow give in the water?,It helps catch more water early in the stroke and enables a stronger pull with less shoulder strain.
How can I get better at breathing during freestyle?,Work on exhaling fully underwater and try bilateral breathing to improve rhythm and reduce drag.
What is a good way to practice breathing while swimming freestyle?,Practice breathing every three strokes and focus on a relaxed exhale so you’re ready to inhale quickly.
How do I stop holding my breath during freestyle?,Exhale steadily through your nose while your face is underwater so your inhale is quick and effective.
Why is the kick important in freestyle?,The flutter kick stabilizes your body and adds propulsion especially during sprints.
How does a good kick help your freestyle swim?,A consistent kick supports balance and rhythm helping you maintain a horizontal body position.
Can a strong kick make you faster in freestyle?,Yes a powerful kick contributes significantly to overall speed and supports your body alignment.
How should the hands enter the water in freestyle?,Hands should enter in line with your shoulders to minimize drag and set up an efficient catch.
What is the best hand entry technique for freestyle?,Aim for a smooth hand entry with fingertips first directly in front of the shoulder to maintain streamline.
Why does hand placement matter in freestyle?,Poor hand placement increases resistance and can disrupt your stroke rhythm and efficiency.
What are frequent arm recovery mistakes in freestyle?,Swinging the arm across the body or using a stiff straight-arm recovery can cause inefficiencies and shoulder issues.
Why should I avoid crossing over during freestyle recovery?,Crossing over can throw off your balance and lead to less effective propulsion.
What are common problems during the freestyle arm recovery phase?,Straight-arm recovery and overreaching the centerline often lead to wasted energy and potential strain.
What is the significance of the 'early vertical forearm' in freestyle?,"Achieving an early vertical forearm position during the catch phase maximizes the surface area for pulling water, enhancing propulsion."
Why is an early vertical forearm useful in freestyle swimming?,"It helps swimmers catch more water early in the stroke, increasing propulsion and stroke efficiency."
How does getting the forearm vertical early affect freestyle?,"It allows the swimmer to begin the pull phase sooner with more surface area, boosting power."
How does breathing every three strokes benefit freestyle swimmers?,Bilateral breathing promotes symmetrical muscle development and helps maintain a balanced stroke.
Why should I practice bilateral breathing in freestyle?,It balances out your stroke and reduces strain on one side of the body.
What is the purpose of breathing on both sides in freestyle?,It encourages symmetry and helps you adapt better to different race conditions.
"What is the ideal head position in freestyle swimming?","Keep your head in a neutral position, looking straight down at the bottom of the pool. This helps maintain a streamlined body position and reduces drag."
"How should I breathe during freestyle?","Practice bilateral breathing by turning your head to the side, inhaling quickly through your mouth, and exhaling underwater through your nose or mouth to maintain rhythm and oxygen flow."
"What is the correct arm movement in freestyle?","Enter the water with your fingertips about 12-18 inches in front of your shoulder at a 45-degree angle, then perform an early vertical forearm (EVF) to maximize propulsion."
"How can I improve my freestyle kick?","Keep your legs relatively straight with minimal knee bend, initiating the kick from your hips. Maintain a small, fast flutter kick to aid in propulsion and balance."
"What is the role of body rotation in freestyle?","Rotating your shoulders and hips with each stroke helps increase stroke length, improves breathing efficiency, and reduces shoulder strain."
"Why is the early vertical forearm (EVF) important?","EVF allows you to catch more water early in the stroke, increasing propulsion and efficiency in your freestyle swimming."
"How can I prevent my legs from sinking during freestyle?","Engage your core muscles to maintain a horizontal body position and ensure a steady kick to keep your legs aligned with your torso."
"What are common mistakes in freestyle breathing?","Lifting your head too high to breathe can disrupt body alignment. Instead, rotate your head to the side, keeping one goggle in the water."
"How does hand entry affect freestyle efficiency?","Proper hand entry reduces drag. Aim to enter the water with your fingertips first, directly in line with your shoulder, to maintain a straight pull path."
"What drills can help improve freestyle technique?","Incorporate drills like 'catch-up', 'fingertip drag', and 'zipper drill' to focus on aspects like timing, hand entry, and body rotation."
"What is the benefit of a high elbow catch in freestyle?","A high elbow catch engages more powerful back muscles, allowing for a stronger and more efficient pull phase."
"How should I position my fingers during the freestyle pull?","Keep your fingers close together with a slight natural gap, maintaining a relaxed hand to feel the water better."
"What is a 'catch-up drill' and how does it help?","The catch-up drill involves keeping one arm extended in front while the other completes a full stroke, helping with timing and stroke length."
"Why is core engagement important in freestyle?","Engaging the core stabilizes your body and helps maintain a streamlined, horizontal position, reducing drag."
"What causes over-rotation in freestyle?","Over-rotation usually happens when swimmers try to breathe too far or twist their torso excessively, leading to imbalance."
"How can I build endurance for longer freestyle sets?","Incorporate aerobic sets like descending intervals or steady-paced swims to gradually increase stamina."
"What is the ideal kick tempo in freestyle sprints?","Use a fast, compact 6-beat kick in sprints to support body position and generate propulsion."
"Should I use fins during training?","Yes, fins help improve kick strength, ankle flexibility, and allow for focused technique drills without fatigue."
"How can I swim in a straight line during freestyle in open water?","Practice sighting every few strokes by lifting your eyes slightly forward while keeping your head low to minimize drag."
"What is 'front quadrant swimming' in freestyle?","It's a technique where one arm remains in front of the body until the other arm begins recovery, promoting balance and efficiency."
"How does hand exit affect stroke efficiency?","Finish the stroke with a strong push past your hip, then exit the water cleanly to start recovery without excess splash."
"What role do hips play in freestyle propulsion?","Hip rotation helps drive the stroke, supports shoulder rotation, and connects upper and lower body movement."
"How do you reduce drag in freestyle swimming?","Maintain a streamlined body, keep your head in line with your spine, and avoid unnecessary lateral movement."
"Why is breathing timing important in freestyle?","Proper timing ensures you don’t interrupt stroke rhythm and allows continuous forward momentum."
"Can freestyle be swum with a two-beat kick?","Yes, distance swimmers often use a two-beat kick to conserve energy while maintaining stroke rhythm."
"What is a zipper drill in freestyle?","Drag your thumb along your side during the recovery phase to encourage high elbows and controlled arm movement."
"How should I transition from catch to pull in freestyle?","After the catch, bend your elbow and press the water back with your forearm and hand, keeping the elbow above the wrist."
"Why is it important to keep a relaxed recovery in freestyle?","A relaxed recovery prevents muscle fatigue and keeps your arms moving fluidly into the next stroke."
"How can I increase my stroke rate without losing form?","Use a tempo trainer to gradually raise your stroke cadence while maintaining proper technique."
"What’s a good warm-up set for freestyle?","A typical warm-up includes 400 swim, 4x50 drill/swim, and 200 kick to prepare the body for training."
"What is the optimal head position in freestyle?","Keep your head neutral, eyes looking straight down to reduce drag and maintain body alignment."
"How does body position affect freestyle efficiency?","A streamlined, horizontal position minimizes resistance and conserves energy."
"What’s the benefit of a high elbow catch?","It maximizes surface area during the pull, engaging larger back muscles for propulsion."
"Why is a consistent kick important in freestyle?","It stabilizes your body and adds propulsion, especially in sprint distances."
"How should I breathe in freestyle?","Turn your head to the side with minimal disruption, inhaling through the mouth and exhaling underwater."
"Why is bilateral breathing helpful?","It promotes symmetry in your stroke and improves lung capacity."
"What is the purpose of sculling drills?","They help develop a feel for the water and improve your catch phase."
"What does the 'catch-up drill' improve?","It promotes stroke timing and helps lengthen your reach."
"What causes dropped elbows in freestyle?","Weak scapular control or poor awareness during the catch phase."
"How can I prevent over-rotating when breathing?","Focus on rotating through the hips and shoulders, not the neck alone."
"What is the ideal finger position during pull?","Slightly open fingers create more surface area for propulsion."
"What is early vertical forearm (EVF)?","A technique where the elbow stays high while the forearm rotates vertically to catch water early."
"How do hand paddles help?","They increase resistance, highlighting flaws in your catch and pull technique."
"Why is a streamlined push-off important?","It reduces drag and maximizes momentum from the wall."
"What is the effect of a strong core in freestyle?","It stabilizes your body, connects upper and lower body motion, and prevents excessive movement."
"What causes sinking legs?","Weak core, poor kick, or lifting the head too high during breathing."
"How can I fix sinking legs?","Engage the core, look down, and maintain a steady kick."
"What’s a good beginner drill for freestyle?","Side-kicking drills promote balance and body rotation."
"How can snorkels help freestyle training?","They remove the need to breathe, letting you focus on body alignment and stroke mechanics."
"What’s the benefit of using a tempo trainer?","It helps control and increase stroke rate without losing technique."
"What’s an efficient breathing pattern for distance swims?","Bilateral or every 3 strokes to balance oxygen and stroke symmetry."
"How can I improve my kick tempo?","Train with short fin sprints and vertical kicking sets."
"What’s the goal of fingertip drag drills?","To maintain high elbow recovery and promote relaxed movement."
"How can I fix crossover during hand entry?","Focus on entering in line with the shoulder and extending forward."
"What causes poor rotation in freestyle?","Tight hips, low stroke rate, or focusing only on arm movement."
"What is front-quadrant swimming?","A technique where one arm stays extended until the other starts pulling, increasing balance."
"What should I do after the pull phase?","Finish past the hip and recover with a relaxed arm."
"How do I build endurance for freestyle?","Use progressive sets and aerobic pacing, increasing distance over time."
"Why is consistent technique important in long swims?","To conserve energy and prevent injuries from inefficient movement."
"What’s the role of hip rotation in freestyle?","It adds power and rhythm to your stroke, syncing with shoulder movement."
"What’s a good freestyle warm-up?","200 swim, 200 kick, 200 pull, 4x50 drills focusing on form."
"Why should I avoid looking forward when swimming?","It raises your head, creating drag and dropping your hips."
"What’s the purpose of the pull buoy?","It isolates the upper body so you can focus on stroke mechanics."
"How do swim fins benefit technique work?","They assist with propulsion, letting you focus on position and arm movement."
"What is a two-beat kick?","A kick pattern where you kick once per arm stroke, common in distance swimmers."
"Why use a six-beat kick?","It provides stability and propulsion, especially in sprints."
"What causes arm timing issues in freestyle?","Rushing the recovery or pulling with both arms simultaneously."
"How can I improve arm timing?","Practice catch-up drills and use a metronome to build rhythm."
"Why are soft hands important in freestyle?","They allow you to feel the water and adjust during the catch."
"What does a wide kick indicate?","Excessive knee bend or tight hips, reducing efficiency."
"How can I correct a wide kick?","Kick from the hips, keep the knees relaxed, and keep feet close together."
"What is the ideal recovery position?","High elbow, relaxed forearm and hand, swinging over the water smoothly."
"Why is streamlined body position important?","It reduces resistance and maintains speed with less effort."
"What causes zig-zag swimming?","Uneven pull strength or hand crossover at entry."
"How can I correct zig-zag swimming?","Check hand entry, maintain straight pull, and strengthen core stability."
"Should my arm fully extend underwater?","Yes, extend forward before starting the catch to maximize reach and glide."
"What does 'press the T' mean?","Initiating the catch from the upper chest line to align arm movement with your core."
"What’s the purpose of a drill set in training?","To isolate and reinforce specific elements of the stroke."
"How should I use drills in practice?","Incorporate 15–25% of the session as drills focusing on weak points."
"How do I increase stroke rate safely?","Raise it incrementally using a tempo trainer while keeping technique intact."
"What is a distance per stroke (DPS) set?","A set focusing on maximizing distance per arm stroke to build efficiency."
"Why do elite swimmers have low stroke counts?","They optimize glide and pull strength to travel farther per stroke."
"What is a good stroke count for 25 yards?","Typically 13–18 for trained swimmers, depending on height and technique."
"Why do my arms tire quickly?","Improper pull technique or overuse of smaller shoulder muscles."
"How can I build arm endurance?","Use paddles, strength training, and long aerobic sets focusing on technique."
"What’s the best way to transition from wall to swim?","Hold streamline for 5–6 dolphin kicks, then break out smoothly into strokes."
"Why is early breathing bad off the wall?","It kills momentum from the push-off and adds drag."
"Should I train freestyle every day?","It depends on your level, but technique-focused swims can be done often with varied intensity."
"Can strength training help my freestyle?","Yes, especially for core, shoulders, and back, supporting power and injury prevention."
"What is the key to freestyle speed?","Maintaining technique under fatigue, high efficiency, and consistent propulsion."
"What makes sprint freestyle different from distance freestyle?","Sprints require higher stroke rate, more kick, and explosive power."
"How can I train for sprint freestyle?","Use short, high-intensity sets with focus on starts, turns, and tempo."
"What is the best breathing pattern for sprints?","Minimal breathing—every 4-6 strokes or as few as possible while maintaining form."
"Why should I practice sighting?","It’s essential for open water swims to maintain direction without stopping."
"What’s the goal of stroke drills?","To improve muscle memory, timing, and efficiency in specific parts of your stroke."
"What is ‘overgliding’ in freestyle?","Pausing too long after extension, causing deceleration and rhythm loss."
"How do I avoid overgliding?","Maintain steady stroke rhythm and use drills like catch-up with a slight overlap."
"What is a good drill to fix hand crossover?","Use a snorkel and swim with hand entry along lane line markers."
"Why are short rest intervals useful in training?","They simulate race fatigue and help build endurance while reinforcing form."
"What role does ankle flexibility play?","It improves propulsion and reduces drag during the kick."
"How can I improve ankle flexibility?","Use dryland stretching and swim with fins regularly."
"What are signs of overtraining?","Persistent fatigue, loss of motivation, and declining performance."
"How can I recover between freestyle sets?","Active rest like easy swimming or kick on back with controlled breathing."
"Should I focus on power or technique first?","Always build technique first—power is only helpful if used efficiently."
"How can I measure freestyle progress?","Track stroke count, stroke rate, and time over consistent intervals."
"What is the role of shoulder mobility in freestyle?","It allows for a longer reach and smoother recovery without strain."
"Why should I avoid overkicking?","It wastes energy without improving propulsion if not properly timed with strokes."
"What is the benefit of swimming with a snorkel?","It removes breathing from the equation, letting you focus on stroke mechanics."
"What causes excessive drag in freestyle?","Poor body position, over-rotation, or wide arm movements."
"How should I approach pacing in freestyle sets?","Use descending or negative split strategies to build endurance and awareness."
"How can I prevent shoulder injuries in freestyle?","Use proper technique, avoid overuse, and strengthen rotator cuff muscles."
"What is the impact of hand depth on freestyle pull?","Too deep or shallow reduces propulsion—aim for mid-depth with a vertical forearm."
"Why is hand alignment important?","It directs force backward rather than to the sides, maximizing forward motion."
"Can breathing every 2 strokes be bad?","It can cause imbalance if always on the same side; alternate sides regularly."
"How can I maintain speed when tired?","Focus on form, reduce unnecessary movements, and keep kicks compact and fast."
"What are good freestyle drills for beginners?","Side kicking, catch-up, fingertip drag, and single-arm drills are ideal starters."
"Why is rhythm important in freestyle?","It synchronizes breathing, strokes, and kicks, improving efficiency and fluidity."
"What’s the role of mental focus in technique?","Concentration improves stroke consistency and body awareness during training."
"What’s a good way to end a freestyle session?","Finish with easy swimming to reinforce good form and begin recovery."
How should I train for open water freestyle?,"Incorporate longer swims, sighting drills, and practice in conditions with chop or current."
Why is stroke efficiency more important than speed in training?,Efficiency reduces fatigue and improves long-term performance by conserving energy.
What is the ideal hand pitch in the catch phase?,Tilt your hand slightly downward to anchor effectively and start the pull.
How do I know if my kick is effective?,If it supports your body position and contributes to forward motion without exhausting your legs.
Why do some swimmers use straight arm recovery?,"It’s beneficial for sprinting, allowing a faster turnover and more momentum."
What’s the difference between hip-driven and shoulder-driven freestyle?,"Hip-driven focuses on body rotation and longer strokes, shoulder-driven on faster turnover."
When should I use drag equipment?,Use tools like parachutes or resistance cords occasionally to build strength and power.
What is a negative split swim?,"Swimming the second half of a race faster than the first, showing good pacing control."
How can I use video to improve my freestyle?,Review underwater and surface footage to identify technique flaws.
What are good dryland exercises for freestyle?,"Core work, planks, rotator cuff strengthening, and resistance band pulls."
How do I fix timing between arms and breathing?,Use 3-3-3 drill to promote rhythm and smooth head movement.
Why should I train technique at slow speeds?,Slow swimming allows greater control and awareness to refine movements.
How does drag affect sprint vs distance freestyle?,"Sprinters must minimize every bit of drag, while distance swimmers manage efficiency over time."
How do I maintain technique under fatigue?,Practice quality at the end of sets and use hypoxic training sparingly.
Should I use a metronome in training?,"Yes, it reinforces consistent stroke tempo and helps improve stroke rate."
What is the purpose of ‘finger tip drag’ drills?,To train high elbow recovery and awareness during recovery.
How does breathing every stroke affect rhythm?,It can disrupt balance unless you maintain equal rotation to both sides.
Why do elite swimmers train sculling?,It develops fine motor control and feel for the water.
What’s the best way to train for tempo control?,Progressive builds using a tempo trainer and stroke rate tracking.
How do I know if I’m overkicking?,"If your legs tire quickly without increasing speed, your kick may be excessive."
What should I do if my freestyle feels unbalanced?,"Check for asymmetry in pull strength, breathing side, and rotation."
How can snorkels help detect flaws?,"They remove head movement, exposing stroke imbalance or crossovers."
Why is shoulder mobility important?,It allows full range of motion for efficient catch and recovery without strain.
What’s the effect of poor streamline after push-off?,"Increased drag and slower breakouts, losing valuable momentum."
What is a build swim?,A swim where you gradually increase intensity over the length of the lap or set.
How does tension affect freestyle?,Too much muscle tension restricts movement; stay relaxed for fluidity.
Why do my hands create bubbles during the catch?,You may be entering with too much force or not engaging the water smoothly.
What’s a 'closed-fist' drill used for?,To emphasize forearm use during the pull by removing hand surface area.
How should I control breathing in cold water?,"Exhale slowly, don’t hyperventilate, and build tolerance with practice."
Why does my stroke fall apart when sprinting?,You might lack strength endurance or neuromuscular control at high speeds.
What is the 'pocket' during hand entry?,The space about 12 inches ahead of your shoulder where your hand should enter.
Should I train freestyle with paddles all the time?,"No, use them sparingly to avoid overuse injuries and keep feel for the water."
How does hand speed affect stroke mechanics?,Too fast can cause loss of control; aim for smooth acceleration through the pull.
What’s the goal of ‘zipper drill’?,"To keep your elbow high and promote efficient, close recovery path."
How do I fix flat body position?,"Improve rotation, head alignment, and core strength."
What are ‘sink downs’ in warm-ups?,"Breath control drills where you exhale to sink, improving CO2 tolerance."
Why do I get water in my mouth when breathing?,Late head turn or poor timing can cause waves to enter.
How can I train for faster turns?,"Practice tight flip turns, streamline holds, and dolphin kick breakouts."
Why do I slow down at the end of a 100 free?,Possible pacing error or lack of anaerobic conditioning.
How can I practice hand entry alignment?,Use mirror drills or swim with paddles and a snorkel to isolate entry.
What does 'distance per stroke' mean?,The length you travel with each stroke—longer is usually more efficient.
What’s a 'head lead' drill?,Drill where you lead with your head in streamline to train alignment.
How can I train shoulder endurance?,"Use band work, long swims, and broken sprint sets to build tolerance."
Why does my breathing feel rushed?,Likely due to poor rhythm or turning your head too late.
How can I build a stronger kick?,"Incorporate vertical kicking, resistance work, and ankle mobility drills."
What does high stroke count indicate?,"Short strokes or poor glide, leading to inefficiency."
How do I develop a stronger pull?,"Focus on EVF, core engagement, and pulling drills like sculling."
Why is stroke timing so important?,It ensures continuous propulsion and reduces dead zones in your swim.
What’s the best way to learn freestyle as an adult?,"Start with floatation support, kick drills, and consistent breathing practice."
How do I know my freestyle is improving?,"Track stroke rate, reduce lap time, and maintain form under fatigue."
What is ‘overreaching’ in freestyle?,"When the arm crosses midline during entry, leading to imbalance."
How do I prevent overreaching?,Focus on shoulder-width entry and visual cues like lane lines.
What’s the purpose of pulling sets?,To isolate and strengthen arm technique and upper body propulsion.
Why should I train freestyle with minimal breathing?,"To improve CO2 tolerance, streamline, and focus on stroke mechanics."
What are broken sets used for?,To simulate race fatigue and train speed endurance.
Why does freestyle feel harder in open water?,"Lack of walls, visibility, and environmental conditions affect rhythm."
What’s the impact of fatigue on body position?,"Your hips and legs drop, increasing drag and energy cost."
What’s the effect of strong dolphin kicks off the wall?,They generate more speed and distance before beginning your stroke.
How should I transition from drill to full stroke?,Blend elements gradually and maintain awareness of changes.
Why is warm-down important after freestyle sets?,To flush lactic acid and reinforce technique at low intensity.
What’s the purpose of underwater filming?,"It provides insight into catch, pull, and body line issues."
How can I measure progress besides time?,"Track technique metrics: stroke count, rate, tempo, and form."
Why use descending intervals in freestyle?,They develop pacing skill and teach controlled speed increase.
What’s a 'long-axis' stroke?,Freestyle and backstroke—rotational strokes around the body’s long axis.
What’s the difference between tempo and cadence?,Tempo is time per stroke; cadence is strokes per minute—both impact rhythm.
How can I practice consistent body roll?,Use kickboard rotation drills or snorkel-side kicking drills.
Why is it hard to maintain speed at the surface?,Surface drag and technique flaws cause greater resistance than underwater.
How does posture affect freestyle?,Good posture aligns the spine and keeps the stroke connected through the core.
Why is split timing important?,It helps assess race pacing and mid-race efficiency.
How can I reduce lactate buildup in freestyle sprints?,Train anaerobic sets and practice proper breathing recovery.
How do I correct poor alignment in freestyle?,"Video feedback, core training, and mirror drills help improve straight-line swimming."
What’s a good set to develop tempo control?,12x25 @ increasing stroke rates using a tempo trainer.
Should I train breath control every practice?,"Include it occasionally, especially early or mid-session to build tolerance."
What’s the difference between elite and beginner freestyle?,"Elite swimmers show high efficiency, precise technique, and fluid rhythm under stress."
How does water pressure affect my stroke?,Feeling pressure means you're anchoring water correctly during the pull.
Why is timing off when I’m tired?,Fatigue disrupts neuromuscular control—train technique under fatigue to improve.
How do I find my ideal stroke rate?,Experiment using a tempo trainer and find balance between speed and control.
What does 'active streamline' mean?,Engaging muscles to hold a tight body line off walls and during glide.
What’s the benefit of freestyle drills for other strokes?,"They reinforce general propulsion mechanics, streamline, and rotation."
How should I integrate sprint and distance work?,Use sprint sets to improve mechanics and distance for aerobic capacity.
Why does freestyle help triathletes?,It’s the most energy-efficient stroke for long-distance open water swimming.
Can I use freestyle to recover from injury?,"Yes, with clearance—focus on gentle, technique-focused sessions with limited volume."
How can I increase comfort with bilateral breathing?,Practice breathing every 3 strokes in warm-up and short sets.
Why is open water freestyle harder to pace?,No walls or feedback—practice effort-based training to improve feel.
What is hypoxic training?,Restricting breaths per length to improve oxygen efficiency and mental focus.
Should I change my stroke for wetsuit swimming?,"Yes, emphasize higher stroke rate and relaxed kick to stay streamlined."
What’s the role of feedback in freestyle training?,Timely feedback helps correct flaws early and reinforce good habits.